asn,ip,bgp_prefix,country,registry,allocated,as_name
270172,2001:1203:a121::1,2001:1203:a100::/40,MX,lacnic,2024-02-27,"AS270172 - Guillermo Robles Ramirez, MX"
270172,2001:1203:a201::1,2001:1203:a200::/40,MX,lacnic,2024-02-27,"AS270172 - Guillermo Robles Ramirez, MX"
270172,2001:1203:a241::1,2001:1203:a200::/40,MX,lacnic,2024-02-27,"AS270172 - Guillermo Robles Ramirez, MX"
270172,2001:1203:a301::1,2001:1203:a300::/40,MX,lacnic,2024-02-27,"AS270172 - Guillermo Robles Ramirez, MX"
270172,2001:1203:a301::3,2001:1203:a300::/40,MX,lacnic,2024-02-27,"AS270172 - Guillermo Robles Ramirez, MX"
270172,2001:1203:a401::1,2001:1203:a000::/36,MX,lacnic,2024-02-27,"AS270172 - Guillermo Robles Ramirez, MX"
270172,2001:1203:a402:0:9209:d0ff:fe19:d4c5,2001:1203:a000::/36,MX,lacnic,2024-02-27,"AS270172 - Guillermo Robles Ramirez, MX"
270172,2001:1203:a521::1,2001:1203:a000::/36,MX,lacnic,2024-02-27,"AS270172 - Guillermo Robles Ramirez, MX"
270172,2001:1203:a600::1,2001:1203:a600::/40,MX,lacnic,2024-02-27,"AS270172 - Guillermo Robles Ramirez, MX"
270172,2001:1203:a700::1,2001:1203:a000::/36,MX,lacnic,2024-02-27,"AS270172 - Guillermo Robles Ramirez, MX"
270172,2001:1203:a701::1,2001:1203:a000::/36,MX,lacnic,2024-02-27,"AS270172 - Guillermo Robles Ramirez, MX"
28461,2001:1204:1::1,2001:1204::/32,MX,lacnic,2024-04-12,"AS28461 - GRUPO SURNET SA DE CV, MX"
28461,2001:1204:1::2,2001:1204::/32,MX,lacnic,2024-04-12,"AS28461 - GRUPO SURNET SA DE CV, MX"
28459,2001:1207:e000::1,2001:1207:e000::/36,MX,lacnic,2024-07-01,"AS28459 - MICHELLE MORENO MORENO, MX"
28459,2001:1207:ffff:167f:4ed6:29ff:feb6:8810,2001:1207:ffff::/48,MX,lacnic,2024-07-01,"AS28459 - MICHELLE MORENO MORENO, MX"
28459,2001:1207:ffff:18d:9af0:83ff:fe88:9fa9,2001:1207:ffff::/48,MX,lacnic,2024-07-01,"AS28459 - MICHELLE MORENO MORENO, MX"
28459,2001:1207:ffff:19aa:ba85:7bff:feee:69e,2001:1207:ffff::/48,MX,lacnic,2024-07-01,"AS28459 - MICHELLE MORENO MORENO, MX"
28459,2001:1207:ffff:346:a2f:e9ff:feeb:fadf,2001:1207:ffff::/48,MX,lacnic,2024-07-01,"AS28459 - MICHELLE MORENO MORENO, MX"
28459,2001:1207:ffff:366a:eaf6:54ff:fee1:1e3b,2001:1207:ffff::/48,MX,lacnic,2024-07-01,"AS28459 - MICHELLE MORENO MORENO, MX"
28459,2001:1207:ffff:369a:f6a4:d6ff:fe74:7357,2001:1207:ffff::/48,MX,lacnic,2024-07-01,"AS28459 - MICHELLE MORENO MORENO, MX"
28459,2001:1207:ffff:427:f6e4:51ff:fe51:673a,2001:1207:ffff::/48,MX,lacnic,2024-07-01,"AS28459 - MICHELLE MORENO MORENO, MX"
28459,2001:1207:ffff:4bb6:e2da:90ff:fee9:ed45,2001:1207:ffff::/48,MX,lacnic,2024-07-01,"AS28459 - MICHELLE MORENO MORENO, MX"
28459,2001:1207:ffff:4dc:629b:b4ff:febe:e82b,2001:1207:ffff::/48,MX,lacnic,2024-07-01,"AS28459 - MICHELLE MORENO MORENO, MX"
28459,2001:1207:ffff:4fff:a208:6fff:fe36:34bb,2001:1207:ffff::/48,MX,lacnic,2024-07-01,"AS28459 - MICHELLE MORENO MORENO, MX"
28459,2001:1207:ffff:564:bad6:f6ff:fea3:14d4,2001:1207:ffff::/48,MX,lacnic,2024-07-01,"AS28459 - MICHELLE MORENO MORENO, MX"
28459,2001:1207:ffff:57c:3237:b3ff:fef8:18ed,2001:1207:ffff::/48,MX,lacnic,2024-07-01,"AS28459 - MICHELLE MORENO MORENO, MX"
28459,2001:1207:ffff:57e:2a53:4eff:fe6f:7e08,2001:1207:ffff::/48,MX,lacnic,2024-07-01,"AS28459 - MICHELLE MORENO MORENO, MX"
28459,2001:1207:ffff:5a0:f6e4:51ff:fe51:ea3f,2001:1207:ffff::/48,MX,lacnic,2024-07-01,"AS28459 - MICHELLE MORENO MORENO, MX"
28459,2001:1207:ffff:5a46:629b:b4ff:fe64:a203,2001:1207:ffff::/48,MX,lacnic,2024-07-01,"AS28459 - MICHELLE MORENO MORENO, MX"
28459,2001:1207:ffff:5bc:b66e:8ff:fe66:eae4,2001:1207:ffff::/48,MX,lacnic,2024-07-01,"AS28459 - MICHELLE MORENO MORENO, MX"
28459,2001:1207:ffff:6470:e682:10ff:fe72:e8f4,2001:1207:ffff::/48,MX,lacnic,2024-07-01,"AS28459 - MICHELLE MORENO MORENO, MX"
28459,2001:1207:ffff:677:f6e4:51ff:fe53:4e84,2001:1207:ffff::/48,MX,lacnic,2024-07-01,"AS28459 - MICHELLE MORENO MORENO, MX"
28459,2001:1207:ffff:6f6b:5af9:87ff:fe41:77ab,2001:1207:ffff::/48,MX,lacnic,2024-07-01,"AS28459 - MICHELLE MORENO MORENO, MX"
28459,2001:1207:ffff:73b8:a244:5cff:fe7a:3684,2001:1207:ffff::/48,MX,lacnic,2024-07-01,"AS28459 - MICHELLE MORENO MORENO, MX"
28459,2001:1207:ffff:7789:2a11:ecff:fe1a:5774,2001:1207:ffff::/48,MX,lacnic,2024-07-01,"AS28459 - MICHELLE MORENO MORENO, MX"
28459,2001:1207:ffff:7795:2e97:b1ff:fefb:5052,2001:1207:ffff::/48,MX,lacnic,2024-07-01,"AS28459 - MICHELLE MORENO MORENO, MX"
28459,2001:1207:ffff:7875:168c:4aff:fecc:93a,2001:1207:ffff::/48,MX,lacnic,2024-07-01,"AS28459 - MICHELLE MORENO MORENO, MX"
28459,2001:1207:ffff:7876:f6a4:d6ff:fe33:a531,2001:1207:ffff::/48,MX,lacnic,2024-07-01,"AS28459 - MICHELLE MORENO MORENO, MX"
28459,2001:1207:ffff:790c:32e9:8eff:fe6f:df89,2001:1207:ffff::/48,MX,lacnic,2024-07-01,"AS28459 - MICHELLE MORENO MORENO, MX"
28459,2001:1207:ffff:7b85:1649:20ff:fe1b:ba3d,2001:1207:ffff::/48,MX,lacnic,2024-07-01,"AS28459 - MICHELLE MORENO MORENO, MX"
28459,2001:1207:ffff:7bc6:2a11:ecff:fe98:dcf5,2001:1207:ffff::/48,MX,lacnic,2024-07-01,"AS28459 - MICHELLE MORENO MORENO, MX"
28459,2001:1207:ffff:7d01:62d7:55ff:fe85:826c,2001:1207:ffff::/48,MX,lacnic,2024-07-01,"AS28459 - MICHELLE MORENO MORENO, MX"
28459,2001:1207:ffff:7f0a:2a41:c6ff:fe8b:759e,2001:1207:ffff::/48,MX,lacnic,2024-07-01,"AS28459 - MICHELLE MORENO MORENO, MX"
28459,2001:1207:ffff:8071:a244:5cff:fe94:6dfe,2001:1207:ffff::/48,MX,lacnic,2024-07-01,"AS28459 - MICHELLE MORENO MORENO, MX"
28459,2001:1207:ffff:80bc:62de:f3ff:fe35:92eb,2001:1207:ffff::/48,MX,lacnic,2024-07-01,"AS28459 - MICHELLE MORENO MORENO, MX"
28459,2001:1207:ffff:8105:fa6e:eeff:fe1c:14a1,2001:1207:ffff::/48,MX,lacnic,2024-07-01,"AS28459 - MICHELLE MORENO MORENO, MX"
28459,2001:1207:ffff:81d6:e20c:e5ff:fe72:557a,2001:1207:ffff::/48,MX,lacnic,2024-07-01,"AS28459 - MICHELLE MORENO MORENO, MX"
28459,2001:1207:ffff:83a:a244:5cff:fe74:7d25,2001:1207:ffff::/48,MX,lacnic,2024-07-01,"AS28459 - MICHELLE MORENO MORENO, MX"
28459,2001:1207:ffff:8c13:7ab4:6aff:fe0e:7787,2001:1207:ffff::/48,MX,lacnic,2024-07-01,"AS28459 - MICHELLE MORENO MORENO, MX"
28459,2001:1207:ffff:8c2d:629b:b4ff:fe72:e988,2001:1207:ffff::/48,MX,lacnic,2024-07-01,"AS28459 - MICHELLE MORENO MORENO, MX"
28459,2001:1207:ffff:8c61:f6a4:d6ff:fe66:8d8f,2001:1207:ffff::/48,MX,lacnic,2024-07-01,"AS28459 - MICHELLE MORENO MORENO, MX"
28459,2001:1207:ffff:a828:c2f9:b0ff:fe9a:f2cc,2001:1207:ffff::/48,MX,lacnic,2024-07-01,"AS28459 - MICHELLE MORENO MORENO, MX"
28459,2001:1207:ffff:a82d:e2da:90ff:fe64:854a,2001:1207:ffff::/48,MX,lacnic,2024-07-01,"AS28459 - MICHELLE MORENO MORENO, MX"
28459,2001:1207:ffff:a832:5af9:87ff:fe04:e7b1,2001:1207:ffff::/48,MX,lacnic,2024-07-01,"AS28459 - MICHELLE MORENO MORENO, MX"
28459,2001:1207:ffff:a876:9e1d:36ff:feed:aeaa,2001:1207:ffff::/48,MX,lacnic,2024-07-01,"AS28459 - MICHELLE MORENO MORENO, MX"
28459,2001:1207:ffff:f5d:bad6:f6ff:fe72:ee0c,2001:1207:ffff::/48,MX,lacnic,2024-07-01,"AS28459 - MICHELLE MORENO MORENO, MX"
28459,2001:1207:ffff:f61:ae99:29ff:fecd:8252,2001:1207:ffff::/48,MX,lacnic,2024-07-01,"AS28459 - MICHELLE MORENO MORENO, MX"
28459,2001:1207:ffff:fab:2a11:ecff:fe21:fcd8,2001:1207:ffff::/48,MX,lacnic,2024-07-01,"AS28459 - MICHELLE MORENO MORENO, MX"
28459,2001:1207:ffff:fc7:bad6:f6ff:fe7d:9725,2001:1207:ffff::/48,MX,lacnic,2024-07-01,"AS28459 - MICHELLE MORENO MORENO, MX"
8151,2001:1208:ffff:ffff:ffff:ffff:ffff:d,2001:1208::/32,MX,lacnic,2003-02-03,"AS8151 - UNINET, MX"
8151,2001:1208:ffff:ffff:ffff:ffff:ffff:e,2001:1208::/32,MX,lacnic,2003-02-03,"AS8151 - UNINET, MX"
2549,2001:1210:100:130b:9209:d0ff:fe1f:2115,2001:1210::/36,MX,lacnic,2004-09-24,"AS2549 - Universidad de Guadalajara, MX"
2549,2001:1210:100:144b::,2001:1210::/36,MX,lacnic,2004-09-24,"AS2549 - Universidad de Guadalajara, MX"
2549,2001:1210:100:1::13,2001:1210::/36,MX,lacnic,2004-09-24,"AS2549 - Universidad de Guadalajara, MX"
2549,2001:1210:100:1::29,2001:1210::/36,MX,lacnic,2004-09-24,"AS2549 - Universidad de Guadalajara, MX"
2549,2001:1210:100:210:1:e2ff:fe74:7580,2001:1210::/36,MX,lacnic,2004-09-24,"AS2549 - Universidad de Guadalajara, MX"
2549,2001:1210:100:229::,2001:1210::/36,MX,lacnic,2004-09-24,"AS2549 - Universidad de Guadalajara, MX"
2549,2001:1210:100:250:211:32ff:fe62:e0f3,2001:1210::/36,MX,lacnic,2004-09-24,"AS2549 - Universidad de Guadalajara, MX"
2549,2001:1210:100:3::5,2001:1210::/36,MX,lacnic,2004-09-24,"AS2549 - Universidad de Guadalajara, MX"
2549,2001:1210:100:68a::,2001:1210::/36,MX,lacnic,2004-09-24,"AS2549 - Universidad de Guadalajara, MX"
2549,2001:1210:100:68d::,2001:1210::/36,MX,lacnic,2004-09-24,"AS2549 - Universidad de Guadalajara, MX"
2549,2001:1210:105:1::1,2001:1210::/36,MX,lacnic,2004-09-24,"AS2549 - Universidad de Guadalajara, MX"
2549,2001:1210:105:50c:dad0::1,2001:1210::/36,MX,lacnic,2004-09-24,"AS2549 - Universidad de Guadalajara, MX"
2549,2001:1210:106:1::,2001:1210::/36,MX,lacnic,2004-09-24,"AS2549 - Universidad de Guadalajara, MX"
2549,2001:1210:3410:104::,2001:1210:3000::/36,MX,lacnic,2004-09-24,"AS2549 - Universidad de Guadalajara, MX"
2549,2001:1210:7000:85a::,2001:1210::/32,MX,lacnic,2004-09-24,"AS2549 - Universidad de Guadalajara, MX"
2549,2001:1210:7000:85a::19,2001:1210::/32,MX,lacnic,2004-09-24,"AS2549 - Universidad de Guadalajara, MX"
2549,2001:1210:7000:85b::,2001:1210::/32,MX,lacnic,2004-09-24,"AS2549 - Universidad de Guadalajara, MX"
2549,2001:1210::1:1,2001:1210::/36,MX,lacnic,2004-09-24,"AS2549 - Universidad de Guadalajara, MX"
2549,2001:1210::1:2,2001:1210::/36,MX,lacnic,2004-09-24,"AS2549 - Universidad de Guadalajara, MX"
2549,2001:1210::1:d,2001:1210::/36,MX,lacnic,2004-09-24,"AS2549 - Universidad de Guadalajara, MX"
2549,2001:1210::ffff,2001:1210::/36,MX,lacnic,2004-09-24,"AS2549 - Universidad de Guadalajara, MX"
278,2001:1218:1000:500::123,2001:1218::/32,MX,lacnic,2005-06-29,"AS278 - Universidad Nacional Autonoma de Mexico, MX"
278,2001:1218:1000:500::133,2001:1218::/32,MX,lacnic,2005-06-29,"AS278 - Universidad Nacional Autonoma de Mexico, MX"
278,2001:1218:1000:500::183,2001:1218::/32,MX,lacnic,2005-06-29,"AS278 - Universidad Nacional Autonoma de Mexico, MX"
278,2001:1218:1000:500::53,2001:1218::/32,MX,lacnic,2005-06-29,"AS278 - Universidad Nacional Autonoma de Mexico, MX"
278,2001:1218:1000:f0:30::31,2001:1218::/32,MX,lacnic,2005-06-29,"AS278 - Universidad Nacional Autonoma de Mexico, MX"
278,2001:1218:1000:f0:34::35,2001:1218::/32,MX,lacnic,2005-06-29,"AS278 - Universidad Nacional Autonoma de Mexico, MX"
278,2001:1218:1000:f0::,2001:1218::/32,MX,lacnic,2005-06-29,"AS278 - Universidad Nacional Autonoma de Mexico, MX"
278,2001:1218:1000:f0::135,2001:1218::/32,MX,lacnic,2005-06-29,"AS278 - Universidad Nacional Autonoma de Mexico, MX"
278,2001:1218:1000:f0::136,2001:1218::/32,MX,lacnic,2005-06-29,"AS278 - Universidad Nacional Autonoma de Mexico, MX"
278,2001:1218:1000:f0::19,2001:1218::/32,MX,lacnic,2005-06-29,"AS278 - Universidad Nacional Autonoma de Mexico, MX"
278,2001:1218:1000:f0::1e,2001:1218::/32,MX,lacnic,2005-06-29,"AS278 - Universidad Nacional Autonoma de Mexico, MX"
278,2001:1218:1000:f0::28,2001:1218::/32,MX,lacnic,2005-06-29,"AS278 - Universidad Nacional Autonoma de Mexico, MX"
278,2001:1218:1000:f0::29,2001:1218::/32,MX,lacnic,2005-06-29,"AS278 - Universidad Nacional Autonoma de Mexico, MX"
278,2001:1218:1000:f0::2a,2001:1218::/32,MX,lacnic,2005-06-29,"AS278 - Universidad Nacional Autonoma de Mexico, MX"
278,2001:1218:1000:f0::2c,2001:1218::/32,MX,lacnic,2005-06-29,"AS278 - Universidad Nacional Autonoma de Mexico, MX"
278,2001:1218:1000:f0::2d,2001:1218::/32,MX,lacnic,2005-06-29,"AS278 - Universidad Nacional Autonoma de Mexico, MX"
278,2001:1218:1000:f0::36,2001:1218::/32,MX,lacnic,2005-06-29,"AS278 - Universidad Nacional Autonoma de Mexico, MX"
278,2001:1218:1000:f0::38,2001:1218::/32,MX,lacnic,2005-06-29,"AS278 - Universidad Nacional Autonoma de Mexico, MX"
278,2001:1218:1000:f0::3a,2001:1218::/32,MX,lacnic,2005-06-29,"AS278 - Universidad Nacional Autonoma de Mexico, MX"
278,2001:1218:1000:f0::3c,2001:1218::/32,MX,lacnic,2005-06-29,"AS278 - Universidad Nacional Autonoma de Mexico, MX"
278,2001:1218:1000:f0::3e,2001:1218::/32,MX,lacnic,2005-06-29,"AS278 - Universidad Nacional Autonoma de Mexico, MX"
278,2001:1218:1000:f0::6,2001:1218::/32,MX,lacnic,2005-06-29,"AS278 - Universidad Nacional Autonoma de Mexico, MX"
278,2001:1218:1000:f0::8,2001:1218::/32,MX,lacnic,2005-06-29,"AS278 - Universidad Nacional Autonoma de Mexico, MX"
278,2001:1218:1000:f0::9,2001:1218::/32,MX,lacnic,2005-06-29,"AS278 - Universidad Nacional Autonoma de Mexico, MX"
278,2001:1218:1000:f0::a,2001:1218::/32,MX,lacnic,2005-06-29,"AS278 - Universidad Nacional Autonoma de Mexico, MX"
278,2001:1218:1000:f0::a0,2001:1218::/32,MX,lacnic,2005-06-29,"AS278 - Universidad Nacional Autonoma de Mexico, MX"
278,2001:1218:1000:f0::a1,2001:1218::/32,MX,lacnic,2005-06-29,"AS278 - Universidad Nacional Autonoma de Mexico, MX"
278,2001:1218:1000:f0::a2,2001:1218::/32,MX,lacnic,2005-06-29,"AS278 - Universidad Nacional Autonoma de Mexico, MX"
278,2001:1218:1000:f0::a8,2001:1218::/32,MX,lacnic,2005-06-29,"AS278 - Universidad Nacional Autonoma de Mexico, MX"
278,2001:1218:1000:f0::a9,2001:1218::/32,MX,lacnic,2005-06-29,"AS278 - Universidad Nacional Autonoma de Mexico, MX"
278,2001:1218:1000:f0::aa,2001:1218::/32,MX,lacnic,2005-06-29,"AS278 - Universidad Nacional Autonoma de Mexico, MX"
278,2001:1218:1000:f0::c,2001:1218::/32,MX,lacnic,2005-06-29,"AS278 - Universidad Nacional Autonoma de Mexico, MX"
278,2001:1218:1000:f0::d,2001:1218::/32,MX,lacnic,2005-06-29,"AS278 - Universidad Nacional Autonoma de Mexico, MX"
278,2001:1218:1000:f0::d0,2001:1218::/32,MX,lacnic,2005-06-29,"AS278 - Universidad Nacional Autonoma de Mexico, MX"
278,2001:1218:1000:f0::d1,2001:1218::/32,MX,lacnic,2005-06-29,"AS278 - Universidad Nacional Autonoma de Mexico, MX"
278,2001:1218:1000:f0::d4,2001:1218::/32,MX,lacnic,2005-06-29,"AS278 - Universidad Nacional Autonoma de Mexico, MX"
278,2001:1218:1000:f0::e,2001:1218::/32,MX,lacnic,2005-06-29,"AS278 - Universidad Nacional Autonoma de Mexico, MX"
278,2001:1218:1000:f0::e8,2001:1218::/32,MX,lacnic,2005-06-29,"AS278 - Universidad Nacional Autonoma de Mexico, MX"
278,2001:1218:1000:f0::e9,2001:1218::/32,MX,lacnic,2005-06-29,"AS278 - Universidad Nacional Autonoma de Mexico, MX"
278,2001:1218:1000:f0::ea,2001:1218::/32,MX,lacnic,2005-06-29,"AS278 - Universidad Nacional Autonoma de Mexico, MX"
278,2001:1218:1000:f0::ec,2001:1218::/32,MX,lacnic,2005-06-29,"AS278 - Universidad Nacional Autonoma de Mexico, MX"
278,2001:1218:1000:f0::ed,2001:1218::/32,MX,lacnic,2005-06-29,"AS278 - Universidad Nacional Autonoma de Mexico, MX"
278,2001:1218:1000:f0::ee,2001:1218::/32,MX,lacnic,2005-06-29,"AS278 - Universidad Nacional Autonoma de Mexico, MX"
278,2001:1218:1000:f0::f0,2001:1218::/32,MX,lacnic,2005-06-29,"AS278 - Universidad Nacional Autonoma de Mexico, MX"
278,2001:1218:1000:f0::f2,2001:1218::/32,MX,lacnic,2005-06-29,"AS278 - Universidad Nacional Autonoma de Mexico, MX"
278,2001:1218:1000:f0::f8,2001:1218::/32,MX,lacnic,2005-06-29,"AS278 - Universidad Nacional Autonoma de Mexico, MX"
278,2001:1218:1000:f0::fa,2001:1218::/32,MX,lacnic,2005-06-29,"AS278 - Universidad Nacional Autonoma de Mexico, MX"
278,2001:1218:101:10d:10::2,2001:1218:101::/48,MX,lacnic,2005-06-29,"AS278 - Universidad Nacional Autonoma de Mexico, MX"
278,2001:1218:101:122::10,2001:1218:101::/48,MX,lacnic,2005-06-29,"AS278 - Universidad Nacional Autonoma de Mexico, MX"
278,2001:1218:101:133::,2001:1218:101::/48,MX,lacnic,2005-06-29,"AS278 - Universidad Nacional Autonoma de Mexico, MX"
278,2001:1218:101:133::2,2001:1218:101::/48,MX,lacnic,2005-06-29,"AS278 - Universidad Nacional Autonoma de Mexico, MX"
278,2001:1218:101:135::1,2001:1218:101::/48,MX,lacnic,2005-06-29,"AS278 - Universidad Nacional Autonoma de Mexico, MX"
278,2001:1218:101:135::13,2001:1218:101::/48,MX,lacnic,2005-06-29,"AS278 - Universidad Nacional Autonoma de Mexico, MX"
278,2001:1218:101:135::14,2001:1218:101::/48,MX,lacnic,2005-06-29,"AS278 - Universidad Nacional Autonoma de Mexico, MX"
278,2001:1218:101:135::37,2001:1218:101::/48,MX,lacnic,2005-06-29,"AS278 - Universidad Nacional Autonoma de Mexico, MX"
278,2001:1218:101:145::1,2001:1218:101::/48,MX,lacnic,2005-06-29,"AS278 - Universidad Nacional Autonoma de Mexico, MX"
278,2001:1218:2000:1300:1::184,2001:1218::/32,MX,lacnic,2005-06-29,"AS278 - Universidad Nacional Autonoma de Mexico, MX"
278,2001:1218:2000:1300::1,2001:1218::/32,MX,lacnic,2005-06-29,"AS278 - Universidad Nacional Autonoma de Mexico, MX"
278,2001:1218:2000:1300::133,2001:1218::/32,MX,lacnic,2005-06-29,"AS278 - Universidad Nacional Autonoma de Mexico, MX"
278,2001:1218:2000:1300::155,2001:1218::/32,MX,lacnic,2005-06-29,"AS278 - Universidad Nacional Autonoma de Mexico, MX"
278,2001:1218:2000:1300::170,2001:1218::/32,MX,lacnic,2005-06-29,"AS278 - Universidad Nacional Autonoma de Mexico, MX"
278,2001:1218:2000:1300::171,2001:1218::/32,MX,lacnic,2005-06-29,"AS278 - Universidad Nacional Autonoma de Mexico, MX"
278,2001:1218:2000:1300::172,2001:1218::/32,MX,lacnic,2005-06-29,"AS278 - Universidad Nacional Autonoma de Mexico, MX"
278,2001:1218:2000:130::,2001:1218::/32,MX,lacnic,2005-06-29,"AS278 - Universidad Nacional Autonoma de Mexico, MX"
278,2001:1218:2000:2e0::11,2001:1218::/32,MX,lacnic,2005-06-29,"AS278 - Universidad Nacional Autonoma de Mexico, MX"
278,2001:1218:2000:2e0::12,2001:1218::/32,MX,lacnic,2005-06-29,"AS278 - Universidad Nacional Autonoma de Mexico, MX"
278,2001:1218:2000:2e0::15,2001:1218::/32,MX,lacnic,2005-06-29,"AS278 - Universidad Nacional Autonoma de Mexico, MX"
278,2001:1218:2000:2e0::171,2001:1218::/32,MX,lacnic,2005-06-29,"AS278 - Universidad Nacional Autonoma de Mexico, MX"
278,2001:1218:2000:2e0::172,2001:1218::/32,MX,lacnic,2005-06-29,"AS278 - Universidad Nacional Autonoma de Mexico, MX"
278,2001:1218:2000:2e0::175,2001:1218::/32,MX,lacnic,2005-06-29,"AS278 - Universidad Nacional Autonoma de Mexico, MX"
278,2001:1218:2000:2e0::176,2001:1218::/32,MX,lacnic,2005-06-29,"AS278 - Universidad Nacional Autonoma de Mexico, MX"
278,2001:1218:2000:2e0::1d,2001:1218::/32,MX,lacnic,2005-06-29,"AS278 - Universidad Nacional Autonoma de Mexico, MX"
278,2001:1218:2000:2e0::1e,2001:1218::/32,MX,lacnic,2005-06-29,"AS278 - Universidad Nacional Autonoma de Mexico, MX"
278,2001:1218:2000:2e0::1fa,2001:1218::/32,MX,lacnic,2005-06-29,"AS278 - Universidad Nacional Autonoma de Mexico, MX"
278,2001:1218:2000:2e0::21,2001:1218::/32,MX,lacnic,2005-06-29,"AS278 - Universidad Nacional Autonoma de Mexico, MX"
278,2001:1218:2000:2e0::230,2001:1218::/32,MX,lacnic,2005-06-29,"AS278 - Universidad Nacional Autonoma de Mexico, MX"
278,2001:1218:2000:2e0::231,2001:1218::/32,MX,lacnic,2005-06-29,"AS278 - Universidad Nacional Autonoma de Mexico, MX"
278,2001:1218:2000:2e0::232,2001:1218::/32,MX,lacnic,2005-06-29,"AS278 - Universidad Nacional Autonoma de Mexico, MX"
278,2001:1218:2000:2e0::234,2001:1218::/32,MX,lacnic,2005-06-29,"AS278 - Universidad Nacional Autonoma de Mexico, MX"
278,2001:1218:2000:2e0::235,2001:1218::/32,MX,lacnic,2005-06-29,"AS278 - Universidad Nacional Autonoma de Mexico, MX"
278,2001:1218:2000:2e0::236,2001:1218::/32,MX,lacnic,2005-06-29,"AS278 - Universidad Nacional Autonoma de Mexico, MX"
278,2001:1218:2000:2e0::25,2001:1218::/32,MX,lacnic,2005-06-29,"AS278 - Universidad Nacional Autonoma de Mexico, MX"
278,2001:1218:2000:2e0::26,2001:1218::/32,MX,lacnic,2005-06-29,"AS278 - Universidad Nacional Autonoma de Mexico, MX"
278,2001:1218:2000:2e0::281,2001:1218::/32,MX,lacnic,2005-06-29,"AS278 - Universidad Nacional Autonoma de Mexico, MX"
278,2001:1218:2000:2e0::29,2001:1218::/32,MX,lacnic,2005-06-29,"AS278 - Universidad Nacional Autonoma de Mexico, MX"
278,2001:1218:2000:2e0::291,2001:1218::/32,MX,lacnic,2005-06-29,"AS278 - Universidad Nacional Autonoma de Mexico, MX"
278,2001:1218:2000:2e0::292,2001:1218::/32,MX,lacnic,2005-06-29,"AS278 - Universidad Nacional Autonoma de Mexico, MX"
278,2001:1218:2000:2e0::6c,2001:1218::/32,MX,lacnic,2005-06-29,"AS278 - Universidad Nacional Autonoma de Mexico, MX"
278,2001:1218:2000:2e0::6d,2001:1218::/32,MX,lacnic,2005-06-29,"AS278 - Universidad Nacional Autonoma de Mexico, MX"
278,2001:1218:2000:2e0::6e,2001:1218::/32,MX,lacnic,2005-06-29,"AS278 - Universidad Nacional Autonoma de Mexico, MX"
278,2001:1218:2000:2e0::71,2001:1218::/32,MX,lacnic,2005-06-29,"AS278 - Universidad Nacional Autonoma de Mexico, MX"
278,2001:1218:2000:2e0::72,2001:1218::/32,MX,lacnic,2005-06-29,"AS278 - Universidad Nacional Autonoma de Mexico, MX"
278,2001:1218:2000:2e0::81,2001:1218::/32,MX,lacnic,2005-06-29,"AS278 - Universidad Nacional Autonoma de Mexico, MX"
278,2001:1218:2000:2e0::82,2001:1218::/32,MX,lacnic,2005-06-29,"AS278 - Universidad Nacional Autonoma de Mexico, MX"
278,2001:1218:2000:2e0::88,2001:1218::/32,MX,lacnic,2005-06-29,"AS278 - Universidad Nacional Autonoma de Mexico, MX"
278,2001:1218:2000:2e0::89,2001:1218::/32,MX,lacnic,2005-06-29,"AS278 - Universidad Nacional Autonoma de Mexico, MX"
278,2001:1218:2000:2e0::8a,2001:1218::/32,MX,lacnic,2005-06-29,"AS278 - Universidad Nacional Autonoma de Mexico, MX"
278,2001:1218:2000:2e0::a5,2001:1218::/32,MX,lacnic,2005-06-29,"AS278 - Universidad Nacional Autonoma de Mexico, MX"
278,2001:1218:2000:2e0::a8,2001:1218::/32,MX,lacnic,2005-06-29,"AS278 - Universidad Nacional Autonoma de Mexico, MX"
278,2001:1218:2000:2e0::a9,2001:1218::/32,MX,lacnic,2005-06-29,"AS278 - Universidad Nacional Autonoma de Mexico, MX"
278,2001:1218:2000:2e0::e1,2001:1218::/32,MX,lacnic,2005-06-29,"AS278 - Universidad Nacional Autonoma de Mexico, MX"
278,2001:1218:2000:2f0::,2001:1218::/32,MX,lacnic,2005-06-29,"AS278 - Universidad Nacional Autonoma de Mexico, MX"
278,2001:1218:2000:2f0::19,2001:1218::/32,MX,lacnic,2005-06-29,"AS278 - Universidad Nacional Autonoma de Mexico, MX"
278,2001:1218:2000:2f0::1a,2001:1218::/32,MX,lacnic,2005-06-29,"AS278 - Universidad Nacional Autonoma de Mexico, MX"
278,2001:1218:2000:2f0::4,2001:1218::/32,MX,lacnic,2005-06-29,"AS278 - Universidad Nacional Autonoma de Mexico, MX"
278,2001:1218:2000:2f0::6,2001:1218::/32,MX,lacnic,2005-06-29,"AS278 - Universidad Nacional Autonoma de Mexico, MX"
278,2001:1218:2000:2f0::a0,2001:1218::/32,MX,lacnic,2005-06-29,"AS278 - Universidad Nacional Autonoma de Mexico, MX"
278,2001:1218:2000:2f0::a2,2001:1218::/32,MX,lacnic,2005-06-29,"AS278 - Universidad Nacional Autonoma de Mexico, MX"
278,2001:1218:2000:2f0::a4,2001:1218::/32,MX,lacnic,2005-06-29,"AS278 - Universidad Nacional Autonoma de Mexico, MX"
278,2001:1218:2000:2f0::a5,2001:1218::/32,MX,lacnic,2005-06-29,"AS278 - Universidad Nacional Autonoma de Mexico, MX"
278,2001:1218:2000:2f0::a6,2001:1218::/32,MX,lacnic,2005-06-29,"AS278 - Universidad Nacional Autonoma de Mexico, MX"
278,2001:1218:2000:2f0::ad,2001:1218::/32,MX,lacnic,2005-06-29,"AS278 - Universidad Nacional Autonoma de Mexico, MX"
278,2001:1218:2000:3f0::1,2001:1218::/32,MX,lacnic,2005-06-29,"AS278 - Universidad Nacional Autonoma de Mexico, MX"
278,2001:1218:2000:3f0::2,2001:1218::/32,MX,lacnic,2005-06-29,"AS278 - Universidad Nacional Autonoma de Mexico, MX"
278,2001:1218:2000:3f0::5,2001:1218::/32,MX,lacnic,2005-06-29,"AS278 - Universidad Nacional Autonoma de Mexico, MX"
278,2001:1218:2000:3f0::6,2001:1218::/32,MX,lacnic,2005-06-29,"AS278 - Universidad Nacional Autonoma de Mexico, MX"
278,2001:1218:2000:40::,2001:1218::/32,MX,lacnic,2005-06-29,"AS278 - Universidad Nacional Autonoma de Mexico, MX"
278,2001:1218:2000:4f0::1,2001:1218::/32,MX,lacnic,2005-06-29,"AS278 - Universidad Nacional Autonoma de Mexico, MX"
278,2001:1218:2000:4f0::2,2001:1218::/32,MX,lacnic,2005-06-29,"AS278 - Universidad Nacional Autonoma de Mexico, MX"
278,2001:1218:2000:80::,2001:1218::/32,MX,lacnic,2005-06-29,"AS278 - Universidad Nacional Autonoma de Mexico, MX"
278,2001:1218:3000:140::,2001:1218::/32,MX,lacnic,2005-06-29,"AS278 - Universidad Nacional Autonoma de Mexico, MX"
278,2001:1218:3000:2f0::50,2001:1218::/32,MX,lacnic,2005-06-29,"AS278 - Universidad Nacional Autonoma de Mexico, MX"
278,2001:1218:3000:2f0::52,2001:1218::/32,MX,lacnic,2005-06-29,"AS278 - Universidad Nacional Autonoma de Mexico, MX"
278,2001:1218:3000:2f0::54,2001:1218::/32,MX,lacnic,2005-06-29,"AS278 - Universidad Nacional Autonoma de Mexico, MX"
278,2001:1218:3000:2f0::55,2001:1218::/32,MX,lacnic,2005-06-29,"AS278 - Universidad Nacional Autonoma de Mexico, MX"
278,2001:1218:3000:2f0::58,2001:1218::/32,MX,lacnic,2005-06-29,"AS278 - Universidad Nacional Autonoma de Mexico, MX"
278,2001:1218:3000:2f0::5a,2001:1218::/32,MX,lacnic,2005-06-29,"AS278 - Universidad Nacional Autonoma de Mexico, MX"
278,2001:1218:3000:2f0::5c,2001:1218::/32,MX,lacnic,2005-06-29,"AS278 - Universidad Nacional Autonoma de Mexico, MX"
278,2001:1218:3000:2f0::5e,2001:1218::/32,MX,lacnic,2005-06-29,"AS278 - Universidad Nacional Autonoma de Mexico, MX"
278,2001:1218:3000:2f0::8,2001:1218::/32,MX,lacnic,2005-06-29,"AS278 - Universidad Nacional Autonoma de Mexico, MX"
278,2001:1218:3000:2f0::9,2001:1218::/32,MX,lacnic,2005-06-29,"AS278 - Universidad Nacional Autonoma de Mexico, MX"
278,2001:1218:3000:2f0::94,2001:1218::/32,MX,lacnic,2005-06-29,"AS278 - Universidad Nacional Autonoma de Mexico, MX"
278,2001:1218:3000:2f0::96,2001:1218::/32,MX,lacnic,2005-06-29,"AS278 - Universidad Nacional Autonoma de Mexico, MX"
278,2001:1218:3000:2f0::a,2001:1218::/32,MX,lacnic,2005-06-29,"AS278 - Universidad Nacional Autonoma de Mexico, MX"
278,2001:1218:3000:2f0::a0,2001:1218::/32,MX,lacnic,2005-06-29,"AS278 - Universidad Nacional Autonoma de Mexico, MX"
278,2001:1218:3000:2f0::a2,2001:1218::/32,MX,lacnic,2005-06-29,"AS278 - Universidad Nacional Autonoma de Mexico, MX"
278,2001:1218:3000:2f0::ad,2001:1218::/32,MX,lacnic,2005-06-29,"AS278 - Universidad Nacional Autonoma de Mexico, MX"
278,2001:1218:3000:2f0::c,2001:1218::/32,MX,lacnic,2005-06-29,"AS278 - Universidad Nacional Autonoma de Mexico, MX"
278,2001:1218:3000:2f0::c8,2001:1218::/32,MX,lacnic,2005-06-29,"AS278 - Universidad Nacional Autonoma de Mexico, MX"
278,2001:1218:3000:2f0::c9,2001:1218::/32,MX,lacnic,2005-06-29,"AS278 - Universidad Nacional Autonoma de Mexico, MX"
278,2001:1218:3000:2f0::ca,2001:1218::/32,MX,lacnic,2005-06-29,"AS278 - Universidad Nacional Autonoma de Mexico, MX"
278,2001:1218:3000:2f0::cc,2001:1218::/32,MX,lacnic,2005-06-29,"AS278 - Universidad Nacional Autonoma de Mexico, MX"
278,2001:1218:3000:2f0::cd,2001:1218::/32,MX,lacnic,2005-06-29,"AS278 - Universidad Nacional Autonoma de Mexico, MX"
278,2001:1218:3000:2f0::ce,2001:1218::/32,MX,lacnic,2005-06-29,"AS278 - Universidad Nacional Autonoma de Mexico, MX"
278,2001:1218:3000:50::,2001:1218::/32,MX,lacnic,2005-06-29,"AS278 - Universidad Nacional Autonoma de Mexico, MX"
278,2001:1218:4000:20:1000:3000:0:1,2001:1218::/32,MX,lacnic,2005-06-29,"AS278 - Universidad Nacional Autonoma de Mexico, MX"
278,2001:1218:4000:20:1000:700:0:1,2001:1218::/32,MX,lacnic,2005-06-29,"AS278 - Universidad Nacional Autonoma de Mexico, MX"
278,2001:1218:4000:220::,2001:1218::/32,MX,lacnic,2005-06-29,"AS278 - Universidad Nacional Autonoma de Mexico, MX"
278,2001:1218:4000:2f0::,2001:1218::/32,MX,lacnic,2005-06-29,"AS278 - Universidad Nacional Autonoma de Mexico, MX"
278,2001:1218:4000:2f0::1,2001:1218::/32,MX,lacnic,2005-06-29,"AS278 - Universidad Nacional Autonoma de Mexico, MX"
278,2001:1218:4000:2f0::10,2001:1218::/32,MX,lacnic,2005-06-29,"AS278 - Universidad Nacional Autonoma de Mexico, MX"
278,2001:1218:4000:2f0::11,2001:1218::/32,MX,lacnic,2005-06-29,"AS278 - Universidad Nacional Autonoma de Mexico, MX"
278,2001:1218:4000:2f0::12,2001:1218::/32,MX,lacnic,2005-06-29,"AS278 - Universidad Nacional Autonoma de Mexico, MX"
278,2001:1218:4000:2f0::14,2001:1218::/32,MX,lacnic,2005-06-29,"AS278 - Universidad Nacional Autonoma de Mexico, MX"
278,2001:1218:4000:2f0::15,2001:1218::/32,MX,lacnic,2005-06-29,"AS278 - Universidad Nacional Autonoma de Mexico, MX"
278,2001:1218:4000:2f0::18,2001:1218::/32,MX,lacnic,2005-06-29,"AS278 - Universidad Nacional Autonoma de Mexico, MX"
278,2001:1218:4000:2f0::1a,2001:1218::/32,MX,lacnic,2005-06-29,"AS278 - Universidad Nacional Autonoma de Mexico, MX"
278,2001:1218:4000:2f0::2,2001:1218::/32,MX,lacnic,2005-06-29,"AS278 - Universidad Nacional Autonoma de Mexico, MX"
278,2001:1218:4000:2f0::20,2001:1218::/32,MX,lacnic,2005-06-29,"AS278 - Universidad Nacional Autonoma de Mexico, MX"
278,2001:1218:4000:2f0::21,2001:1218::/32,MX,lacnic,2005-06-29,"AS278 - Universidad Nacional Autonoma de Mexico, MX"
278,2001:1218:4000:2f0::22,2001:1218::/32,MX,lacnic,2005-06-29,"AS278 - Universidad Nacional Autonoma de Mexico, MX"
278,2001:1218:4000:2f0::30,2001:1218::/32,MX,lacnic,2005-06-29,"AS278 - Universidad Nacional Autonoma de Mexico, MX"
278,2001:1218:4000:2f0::32,2001:1218::/32,MX,lacnic,2005-06-29,"AS278 - Universidad Nacional Autonoma de Mexico, MX"
278,2001:1218:4000:2f0::49,2001:1218::/32,MX,lacnic,2005-06-29,"AS278 - Universidad Nacional Autonoma de Mexico, MX"
278,2001:1218:4000:2f0::4a,2001:1218::/32,MX,lacnic,2005-06-29,"AS278 - Universidad Nacional Autonoma de Mexico, MX"
278,2001:1218:4000:2f0::5,2001:1218::/32,MX,lacnic,2005-06-29,"AS278 - Universidad Nacional Autonoma de Mexico, MX"
278,2001:1218:4000:2f0::55,2001:1218::/32,MX,lacnic,2005-06-29,"AS278 - Universidad Nacional Autonoma de Mexico, MX"
278,2001:1218:4000:2f0::56,2001:1218::/32,MX,lacnic,2005-06-29,"AS278 - Universidad Nacional Autonoma de Mexico, MX"
278,2001:1218:4000:2f0::59,2001:1218::/32,MX,lacnic,2005-06-29,"AS278 - Universidad Nacional Autonoma de Mexico, MX"
278,2001:1218:4000:2f0::6,2001:1218::/32,MX,lacnic,2005-06-29,"AS278 - Universidad Nacional Autonoma de Mexico, MX"
278,2001:1218:4000:2f0::6c,2001:1218::/32,MX,lacnic,2005-06-29,"AS278 - Universidad Nacional Autonoma de Mexico, MX"
278,2001:1218:4000:2f0::6d,2001:1218::/32,MX,lacnic,2005-06-29,"AS278 - Universidad Nacional Autonoma de Mexico, MX"
278,2001:1218:4000:2f0::70,2001:1218::/32,MX,lacnic,2005-06-29,"AS278 - Universidad Nacional Autonoma de Mexico, MX"
278,2001:1218:4000:2f0::71,2001:1218::/32,MX,lacnic,2005-06-29,"AS278 - Universidad Nacional Autonoma de Mexico, MX"
278,2001:1218:4000:2f0::72,2001:1218::/32,MX,lacnic,2005-06-29,"AS278 - Universidad Nacional Autonoma de Mexico, MX"
278,2001:1218:4000:2f0::74,2001:1218::/32,MX,lacnic,2005-06-29,"AS278 - Universidad Nacional Autonoma de Mexico, MX"
278,2001:1218:4000:2f0::75,2001:1218::/32,MX,lacnic,2005-06-29,"AS278 - Universidad Nacional Autonoma de Mexico, MX"
278,2001:1218:4000:2f0::76,2001:1218::/32,MX,lacnic,2005-06-29,"AS278 - Universidad Nacional Autonoma de Mexico, MX"
278,2001:1218:4000:2f0::a1,2001:1218::/32,MX,lacnic,2005-06-29,"AS278 - Universidad Nacional Autonoma de Mexico, MX"
278,2001:1218:4000:2f0::a2,2001:1218::/32,MX,lacnic,2005-06-29,"AS278 - Universidad Nacional Autonoma de Mexico, MX"
278,2001:1218:4000:2f0::a5,2001:1218::/32,MX,lacnic,2005-06-29,"AS278 - Universidad Nacional Autonoma de Mexico, MX"
278,2001:1218:4000:2f0::a6,2001:1218::/32,MX,lacnic,2005-06-29,"AS278 - Universidad Nacional Autonoma de Mexico, MX"
278,2001:1218:4000:2f0::ad,2001:1218::/32,MX,lacnic,2005-06-29,"AS278 - Universidad Nacional Autonoma de Mexico, MX"
278,2001:1218:4000:2f0::f0,2001:1218::/32,MX,lacnic,2005-06-29,"AS278 - Universidad Nacional Autonoma de Mexico, MX"
278,2001:1218:4000:2f0::f1,2001:1218::/32,MX,lacnic,2005-06-29,"AS278 - Universidad Nacional Autonoma de Mexico, MX"
278,2001:1218:4000:2f0::f2,2001:1218::/32,MX,lacnic,2005-06-29,"AS278 - Universidad Nacional Autonoma de Mexico, MX"
278,2001:1218:4000:40::,2001:1218::/32,MX,lacnic,2005-06-29,"AS278 - Universidad Nacional Autonoma de Mexico, MX"
278,2001:1218:4000:90::,2001:1218::/32,MX,lacnic,2005-06-29,"AS278 - Universidad Nacional Autonoma de Mexico, MX"
278,2001:1218:403:203:204::1,2001:1218::/32,MX,lacnic,2005-06-29,"AS278 - Universidad Nacional Autonoma de Mexico, MX"
278,2001:1218:4202::,2001:1218::/32,MX,lacnic,2005-06-29,"AS278 - Universidad Nacional Autonoma de Mexico, MX"
278,2001:1218:4202::1,2001:1218::/32,MX,lacnic,2005-06-29,"AS278 - Universidad Nacional Autonoma de Mexico, MX"
278,2001:1218:4202::2,2001:1218::/32,MX,lacnic,2005-06-29,"AS278 - Universidad Nacional Autonoma de Mexico, MX"
278,2001:1218:4202::4,2001:1218::/32,MX,lacnic,2005-06-29,"AS278 - Universidad Nacional Autonoma de Mexico, MX"
278,2001:1218:4202::6,2001:1218::/32,MX,lacnic,2005-06-29,"AS278 - Universidad Nacional Autonoma de Mexico, MX"
278,2001:1218:4202::8,2001:1218::/32,MX,lacnic,2005-06-29,"AS278 - Universidad Nacional Autonoma de Mexico, MX"
278,2001:1218:4202::9,2001:1218::/32,MX,lacnic,2005-06-29,"AS278 - Universidad Nacional Autonoma de Mexico, MX"
278,2001:1218:4202::a,2001:1218::/32,MX,lacnic,2005-06-29,"AS278 - Universidad Nacional Autonoma de Mexico, MX"
278,2001:1218:4202::d,2001:1218::/32,MX,lacnic,2005-06-29,"AS278 - Universidad Nacional Autonoma de Mexico, MX"
278,2001:1218:4202::e,2001:1218::/32,MX,lacnic,2005-06-29,"AS278 - Universidad Nacional Autonoma de Mexico, MX"
278,2001:1218:4203::,2001:1218::/32,MX,lacnic,2005-06-29,"AS278 - Universidad Nacional Autonoma de Mexico, MX"
278,2001:1218:4203::1,2001:1218::/32,MX,lacnic,2005-06-29,"AS278 - Universidad Nacional Autonoma de Mexico, MX"
278,2001:1218:4203::2,2001:1218::/32,MX,lacnic,2005-06-29,"AS278 - Universidad Nacional Autonoma de Mexico, MX"
278,2001:1218:4203::5,2001:1218::/32,MX,lacnic,2005-06-29,"AS278 - Universidad Nacional Autonoma de Mexico, MX"
278,2001:1218:4203::8,2001:1218::/32,MX,lacnic,2005-06-29,"AS278 - Universidad Nacional Autonoma de Mexico, MX"
278,2001:1218:4203::9,2001:1218::/32,MX,lacnic,2005-06-29,"AS278 - Universidad Nacional Autonoma de Mexico, MX"
278,2001:1218:4203::a,2001:1218::/32,MX,lacnic,2005-06-29,"AS278 - Universidad Nacional Autonoma de Mexico, MX"
278,2001:1218:4203::c,2001:1218::/32,MX,lacnic,2005-06-29,"AS278 - Universidad Nacional Autonoma de Mexico, MX"
278,2001:1218:4203::d,2001:1218::/32,MX,lacnic,2005-06-29,"AS278 - Universidad Nacional Autonoma de Mexico, MX"
278,2001:1218:4203::e,2001:1218::/32,MX,lacnic,2005-06-29,"AS278 - Universidad Nacional Autonoma de Mexico, MX"
278,2001:1218:4204::,2001:1218::/32,MX,lacnic,2005-06-29,"AS278 - Universidad Nacional Autonoma de Mexico, MX"
278,2001:1218:4204::1,2001:1218::/32,MX,lacnic,2005-06-29,"AS278 - Universidad Nacional Autonoma de Mexico, MX"
278,2001:1218:4204::2,2001:1218::/32,MX,lacnic,2005-06-29,"AS278 - Universidad Nacional Autonoma de Mexico, MX"
278,2001:1218:4204::5,2001:1218::/32,MX,lacnic,2005-06-29,"AS278 - Universidad Nacional Autonoma de Mexico, MX"
278,2001:1218:4204::6,2001:1218::/32,MX,lacnic,2005-06-29,"AS278 - Universidad Nacional Autonoma de Mexico, MX"
278,2001:1218:4204::9,2001:1218::/32,MX,lacnic,2005-06-29,"AS278 - Universidad Nacional Autonoma de Mexico, MX"
278,2001:1218:4204::a,2001:1218::/32,MX,lacnic,2005-06-29,"AS278 - Universidad Nacional Autonoma de Mexico, MX"
278,2001:1218:4204::c,2001:1218::/32,MX,lacnic,2005-06-29,"AS278 - Universidad Nacional Autonoma de Mexico, MX"
278,2001:1218:4204::d,2001:1218::/32,MX,lacnic,2005-06-29,"AS278 - Universidad Nacional Autonoma de Mexico, MX"
278,2001:1218:4204::e,2001:1218::/32,MX,lacnic,2005-06-29,"AS278 - Universidad Nacional Autonoma de Mexico, MX"
278,2001:1218:4205::,2001:1218::/32,MX,lacnic,2005-06-29,"AS278 - Universidad Nacional Autonoma de Mexico, MX"
278,2001:1218:4205::1,2001:1218::/32,MX,lacnic,2005-06-29,"AS278 - Universidad Nacional Autonoma de Mexico, MX"
278,2001:1218:4205::2,2001:1218::/32,MX,lacnic,2005-06-29,"AS278 - Universidad Nacional Autonoma de Mexico, MX"
278,2001:1218:4205::4,2001:1218::/32,MX,lacnic,2005-06-29,"AS278 - Universidad Nacional Autonoma de Mexico, MX"
278,2001:1218:4205::5,2001:1218::/32,MX,lacnic,2005-06-29,"AS278 - Universidad Nacional Autonoma de Mexico, MX"
278,2001:1218:4205::c,2001:1218::/32,MX,lacnic,2005-06-29,"AS278 - Universidad Nacional Autonoma de Mexico, MX"
278,2001:1218:4205::d,2001:1218::/32,MX,lacnic,2005-06-29,"AS278 - Universidad Nacional Autonoma de Mexico, MX"
278,2001:1218:4205::e,2001:1218::/32,MX,lacnic,2005-06-29,"AS278 - Universidad Nacional Autonoma de Mexico, MX"
278,2001:1218:4206::1,2001:1218::/32,MX,lacnic,2005-06-29,"AS278 - Universidad Nacional Autonoma de Mexico, MX"
278,2001:1218:4206::2,2001:1218::/32,MX,lacnic,2005-06-29,"AS278 - Universidad Nacional Autonoma de Mexico, MX"
278,2001:1218:4206::4,2001:1218::/32,MX,lacnic,2005-06-29,"AS278 - Universidad Nacional Autonoma de Mexico, MX"
278,2001:1218:4206::5,2001:1218::/32,MX,lacnic,2005-06-29,"AS278 - Universidad Nacional Autonoma de Mexico, MX"
278,2001:1218:4206::6,2001:1218::/32,MX,lacnic,2005-06-29,"AS278 - Universidad Nacional Autonoma de Mexico, MX"
278,2001:1218:4207::8,2001:1218::/32,MX,lacnic,2005-06-29,"AS278 - Universidad Nacional Autonoma de Mexico, MX"
278,2001:1218:4207::9,2001:1218::/32,MX,lacnic,2005-06-29,"AS278 - Universidad Nacional Autonoma de Mexico, MX"
278,2001:1218:4207::a,2001:1218::/32,MX,lacnic,2005-06-29,"AS278 - Universidad Nacional Autonoma de Mexico, MX"
278,2001:1218:4208::1,2001:1218::/32,MX,lacnic,2005-06-29,"AS278 - Universidad Nacional Autonoma de Mexico, MX"
278,2001:1218:4208::2,2001:1218::/32,MX,lacnic,2005-06-29,"AS278 - Universidad Nacional Autonoma de Mexico, MX"
278,2001:1218:4208::4,2001:1218::/32,MX,lacnic,2005-06-29,"AS278 - Universidad Nacional Autonoma de Mexico, MX"
278,2001:1218:4208::6,2001:1218::/32,MX,lacnic,2005-06-29,"AS278 - Universidad Nacional Autonoma de Mexico, MX"
278,2001:1218:4208::8,2001:1218::/32,MX,lacnic,2005-06-29,"AS278 - Universidad Nacional Autonoma de Mexico, MX"
278,2001:1218:4208::9,2001:1218::/32,MX,lacnic,2005-06-29,"AS278 - Universidad Nacional Autonoma de Mexico, MX"
278,2001:1218:4208::a,2001:1218::/32,MX,lacnic,2005-06-29,"AS278 - Universidad Nacional Autonoma de Mexico, MX"
278,2001:1218:4208::c,2001:1218::/32,MX,lacnic,2005-06-29,"AS278 - Universidad Nacional Autonoma de Mexico, MX"
278,2001:1218:4208::d,2001:1218::/32,MX,lacnic,2005-06-29,"AS278 - Universidad Nacional Autonoma de Mexico, MX"
278,2001:1218:4208::e,2001:1218::/32,MX,lacnic,2005-06-29,"AS278 - Universidad Nacional Autonoma de Mexico, MX"
278,2001:1218:4209::4,2001:1218::/32,MX,lacnic,2005-06-29,"AS278 - Universidad Nacional Autonoma de Mexico, MX"
278,2001:1218:4209::5,2001:1218::/32,MX,lacnic,2005-06-29,"AS278 - Universidad Nacional Autonoma de Mexico, MX"
278,2001:1218:4209::6,2001:1218::/32,MX,lacnic,2005-06-29,"AS278 - Universidad Nacional Autonoma de Mexico, MX"
278,2001:1218:4209::8,2001:1218::/32,MX,lacnic,2005-06-29,"AS278 - Universidad Nacional Autonoma de Mexico, MX"
278,2001:1218:4209::9,2001:1218::/32,MX,lacnic,2005-06-29,"AS278 - Universidad Nacional Autonoma de Mexico, MX"
278,2001:1218:4209::c,2001:1218::/32,MX,lacnic,2005-06-29,"AS278 - Universidad Nacional Autonoma de Mexico, MX"
278,2001:1218:4209::d,2001:1218::/32,MX,lacnic,2005-06-29,"AS278 - Universidad Nacional Autonoma de Mexico, MX"
278,2001:1218:4209::e,2001:1218::/32,MX,lacnic,2005-06-29,"AS278 - Universidad Nacional Autonoma de Mexico, MX"
278,2001:1218:420b::,2001:1218::/32,MX,lacnic,2005-06-29,"AS278 - Universidad Nacional Autonoma de Mexico, MX"
278,2001:1218:420b::2,2001:1218::/32,MX,lacnic,2005-06-29,"AS278 - Universidad Nacional Autonoma de Mexico, MX"
278,2001:1218:420c::,2001:1218::/32,MX,lacnic,2005-06-29,"AS278 - Universidad Nacional Autonoma de Mexico, MX"
278,2001:1218:420c::2,2001:1218::/32,MX,lacnic,2005-06-29,"AS278 - Universidad Nacional Autonoma de Mexico, MX"
278,2001:1218:420c::4,2001:1218::/32,MX,lacnic,2005-06-29,"AS278 - Universidad Nacional Autonoma de Mexico, MX"
278,2001:1218:420c::5,2001:1218::/32,MX,lacnic,2005-06-29,"AS278 - Universidad Nacional Autonoma de Mexico, MX"
278,2001:1218:420c::6,2001:1218::/32,MX,lacnic,2005-06-29,"AS278 - Universidad Nacional Autonoma de Mexico, MX"
278,2001:1218:420c::8,2001:1218::/32,MX,lacnic,2005-06-29,"AS278 - Universidad Nacional Autonoma de Mexico, MX"
278,2001:1218:420c::9,2001:1218::/32,MX,lacnic,2005-06-29,"AS278 - Universidad Nacional Autonoma de Mexico, MX"
278,2001:1218:420c::c,2001:1218::/32,MX,lacnic,2005-06-29,"AS278 - Universidad Nacional Autonoma de Mexico, MX"
278,2001:1218:420c::e,2001:1218::/32,MX,lacnic,2005-06-29,"AS278 - Universidad Nacional Autonoma de Mexico, MX"
278,2001:1218:420d::,2001:1218::/32,MX,lacnic,2005-06-29,"AS278 - Universidad Nacional Autonoma de Mexico, MX"
278,2001:1218:420d::1,2001:1218::/32,MX,lacnic,2005-06-29,"AS278 - Universidad Nacional Autonoma de Mexico, MX"
278,2001:1218:420d::2,2001:1218::/32,MX,lacnic,2005-06-29,"AS278 - Universidad Nacional Autonoma de Mexico, MX"
278,2001:1218:420d::4,2001:1218::/32,MX,lacnic,2005-06-29,"AS278 - Universidad Nacional Autonoma de Mexico, MX"
278,2001:1218:420d::5,2001:1218::/32,MX,lacnic,2005-06-29,"AS278 - Universidad Nacional Autonoma de Mexico, MX"
278,2001:1218:420d::6,2001:1218::/32,MX,lacnic,2005-06-29,"AS278 - Universidad Nacional Autonoma de Mexico, MX"
278,2001:1218:420d::8,2001:1218::/32,MX,lacnic,2005-06-29,"AS278 - Universidad Nacional Autonoma de Mexico, MX"
278,2001:1218:420d::9,2001:1218::/32,MX,lacnic,2005-06-29,"AS278 - Universidad Nacional Autonoma de Mexico, MX"
278,2001:1218:420d::a,2001:1218::/32,MX,lacnic,2005-06-29,"AS278 - Universidad Nacional Autonoma de Mexico, MX"
278,2001:1218:420e::,2001:1218::/32,MX,lacnic,2005-06-29,"AS278 - Universidad Nacional Autonoma de Mexico, MX"
278,2001:1218:420e::1,2001:1218::/32,MX,lacnic,2005-06-29,"AS278 - Universidad Nacional Autonoma de Mexico, MX"
278,2001:1218:420e::9,2001:1218::/32,MX,lacnic,2005-06-29,"AS278 - Universidad Nacional Autonoma de Mexico, MX"
278,2001:1218:420e::a,2001:1218::/32,MX,lacnic,2005-06-29,"AS278 - Universidad Nacional Autonoma de Mexico, MX"
278,2001:1218:420e::d,2001:1218::/32,MX,lacnic,2005-06-29,"AS278 - Universidad Nacional Autonoma de Mexico, MX"
278,2001:1218:420e::e,2001:1218::/32,MX,lacnic,2005-06-29,"AS278 - Universidad Nacional Autonoma de Mexico, MX"
278,2001:1218:4210::,2001:1218::/32,MX,lacnic,2005-06-29,"AS278 - Universidad Nacional Autonoma de Mexico, MX"
278,2001:1218:4210::1,2001:1218::/32,MX,lacnic,2005-06-29,"AS278 - Universidad Nacional Autonoma de Mexico, MX"
278,2001:1218:4210::2,2001:1218::/32,MX,lacnic,2005-06-29,"AS278 - Universidad Nacional Autonoma de Mexico, MX"
278,2001:1218:4210::4,2001:1218::/32,MX,lacnic,2005-06-29,"AS278 - Universidad Nacional Autonoma de Mexico, MX"
278,2001:1218:4210::5,2001:1218::/32,MX,lacnic,2005-06-29,"AS278 - Universidad Nacional Autonoma de Mexico, MX"
278,2001:1218:4210::6,2001:1218::/32,MX,lacnic,2005-06-29,"AS278 - Universidad Nacional Autonoma de Mexico, MX"
278,2001:1218:4210::8,2001:1218::/32,MX,lacnic,2005-06-29,"AS278 - Universidad Nacional Autonoma de Mexico, MX"
278,2001:1218:4210::9,2001:1218::/32,MX,lacnic,2005-06-29,"AS278 - Universidad Nacional Autonoma de Mexico, MX"
278,2001:1218:4210::a,2001:1218::/32,MX,lacnic,2005-06-29,"AS278 - Universidad Nacional Autonoma de Mexico, MX"
278,2001:1218:4210::c,2001:1218::/32,MX,lacnic,2005-06-29,"AS278 - Universidad Nacional Autonoma de Mexico, MX"
278,2001:1218:4210::d,2001:1218::/32,MX,lacnic,2005-06-29,"AS278 - Universidad Nacional Autonoma de Mexico, MX"
278,2001:1218:4210::e,2001:1218::/32,MX,lacnic,2005-06-29,"AS278 - Universidad Nacional Autonoma de Mexico, MX"
278,2001:1218:4211::4,2001:1218::/32,MX,lacnic,2005-06-29,"AS278 - Universidad Nacional Autonoma de Mexico, MX"
278,2001:1218:4211::5,2001:1218::/32,MX,lacnic,2005-06-29,"AS278 - Universidad Nacional Autonoma de Mexico, MX"
278,2001:1218:5004::1,2001:1218:5004::/48,MX,lacnic,2005-06-29,"AS278 - Universidad Nacional Autonoma de Mexico, MX"
278,2001:1218:5005::1,2001:1218:5005::/48,MX,lacnic,2005-06-29,"AS278 - Universidad Nacional Autonoma de Mexico, MX"
278,2001:1218:6001::1,2001:1218:6001::/48,MX,lacnic,2005-06-29,"AS278 - Universidad Nacional Autonoma de Mexico, MX"
278,2001:1218:6002::1,2001:1218:6002::/48,MX,lacnic,2005-06-29,"AS278 - Universidad Nacional Autonoma de Mexico, MX"
278,2001:1218:6003::1,2001:1218:6003::/48,MX,lacnic,2005-06-29,"AS278 - Universidad Nacional Autonoma de Mexico, MX"
278,2001:1218:6005::1,2001:1218:6005::/48,MX,lacnic,2005-06-29,"AS278 - Universidad Nacional Autonoma de Mexico, MX"
278,2001:1218:6006::1,2001:1218:6006::/48,MX,lacnic,2005-06-29,"AS278 - Universidad Nacional Autonoma de Mexico, MX"
278,2001:1218:6007::1,2001:1218:6007::/48,MX,lacnic,2005-06-29,"AS278 - Universidad Nacional Autonoma de Mexico, MX"
278,2001:1218:6008::1,2001:1218:6008::/48,MX,lacnic,2005-06-29,"AS278 - Universidad Nacional Autonoma de Mexico, MX"
278,2001:1218:6009::1,2001:1218:6009::/48,MX,lacnic,2005-06-29,"AS278 - Universidad Nacional Autonoma de Mexico, MX"
278,2001:1218:600a::1,2001:1218:600a::/48,MX,lacnic,2005-06-29,"AS278 - Universidad Nacional Autonoma de Mexico, MX"
278,2001:1218:600d::1,2001:1218:600d::/48,MX,lacnic,2005-06-29,"AS278 - Universidad Nacional Autonoma de Mexico, MX"
278,2001:1218:600f::1,2001:1218:600f::/48,MX,lacnic,2005-06-29,"AS278 - Universidad Nacional Autonoma de Mexico, MX"
278,2001:1218:6010::1,2001:1218:6010::/48,MX,lacnic,2005-06-29,"AS278 - Universidad Nacional Autonoma de Mexico, MX"
278,2001:1218:6012::1,2001:1218:6012::/48,MX,lacnic,2005-06-29,"AS278 - Universidad Nacional Autonoma de Mexico, MX"
278,2001:1218:6015::1,2001:1218:6015::/48,MX,lacnic,2005-06-29,"AS278 - Universidad Nacional Autonoma de Mexico, MX"
278,2001:1218:6017::1,2001:1218:6017::/48,MX,lacnic,2005-06-29,"AS278 - Universidad Nacional Autonoma de Mexico, MX"
278,2001:1218:6018::1,2001:1218:6018::/48,MX,lacnic,2005-06-29,"AS278 - Universidad Nacional Autonoma de Mexico, MX"
278,2001:1218:6019::1,2001:1218:6019::/48,MX,lacnic,2005-06-29,"AS278 - Universidad Nacional Autonoma de Mexico, MX"
278,2001:1218:601a::1,2001:1218:601a::/48,MX,lacnic,2005-06-29,"AS278 - Universidad Nacional Autonoma de Mexico, MX"
278,2001:1218:601c::1,2001:1218:601c::/48,MX,lacnic,2005-06-29,"AS278 - Universidad Nacional Autonoma de Mexico, MX"
278,2001:1218:601d::1,2001:1218:601d::/48,MX,lacnic,2005-06-29,"AS278 - Universidad Nacional Autonoma de Mexico, MX"
278,2001:1218:601e::1,2001:1218:601e::/48,MX,lacnic,2005-06-29,"AS278 - Universidad Nacional Autonoma de Mexico, MX"
278,2001:1218:601f::1,2001:1218:601f::/48,MX,lacnic,2005-06-29,"AS278 - Universidad Nacional Autonoma de Mexico, MX"
278,2001:1218:6020::1,2001:1218:6020::/48,MX,lacnic,2005-06-29,"AS278 - Universidad Nacional Autonoma de Mexico, MX"
278,2001:1218:6021::1,2001:1218:6021::/48,MX,lacnic,2005-06-29,"AS278 - Universidad Nacional Autonoma de Mexico, MX"
278,2001:1218:6026::1,2001:1218:6026::/48,MX,lacnic,2005-06-29,"AS278 - Universidad Nacional Autonoma de Mexico, MX"
278,2001:1218:6027::1,2001:1218:6027::/48,MX,lacnic,2005-06-29,"AS278 - Universidad Nacional Autonoma de Mexico, MX"
278,2001:1218:6028::1,2001:1218:6028::/48,MX,lacnic,2005-06-29,"AS278 - Universidad Nacional Autonoma de Mexico, MX"
278,2001:1218:602f::1,2001:1218:602f::/48,MX,lacnic,2005-06-29,"AS278 - Universidad Nacional Autonoma de Mexico, MX"
278,2001:1218:6030::1,2001:1218:6030::/48,MX,lacnic,2005-06-29,"AS278 - Universidad Nacional Autonoma de Mexico, MX"
278,2001:1218:6031::1,2001:1218:6031::/48,MX,lacnic,2005-06-29,"AS278 - Universidad Nacional Autonoma de Mexico, MX"
278,2001:1218:6032::1,2001:1218:6032::/48,MX,lacnic,2005-06-29,"AS278 - Universidad Nacional Autonoma de Mexico, MX"
278,2001:1218:6034::1,2001:1218:6034::/48,MX,lacnic,2005-06-29,"AS278 - Universidad Nacional Autonoma de Mexico, MX"
278,2001:1218:6035::1,2001:1218:6035::/48,MX,lacnic,2005-06-29,"AS278 - Universidad Nacional Autonoma de Mexico, MX"
278,2001:1218:6036::1,2001:1218:6036::/48,MX,lacnic,2005-06-29,"AS278 - Universidad Nacional Autonoma de Mexico, MX"
278,2001:1218:6037::1,2001:1218:6037::/48,MX,lacnic,2005-06-29,"AS278 - Universidad Nacional Autonoma de Mexico, MX"
278,2001:1218:603c::1,2001:1218:603c::/48,MX,lacnic,2005-06-29,"AS278 - Universidad Nacional Autonoma de Mexico, MX"
278,2001:1218:603d::1,2001:1218:603d::/48,MX,lacnic,2005-06-29,"AS278 - Universidad Nacional Autonoma de Mexico, MX"
278,2001:1218:6041::1,2001:1218::/32,MX,lacnic,2005-06-29,"AS278 - Universidad Nacional Autonoma de Mexico, MX"
278,2001:1218:6045::1,2001:1218:6045::/48,MX,lacnic,2005-06-29,"AS278 - Universidad Nacional Autonoma de Mexico, MX"
278,2001:1218:6046::1,2001:1218:6046::/48,MX,lacnic,2005-06-29,"AS278 - Universidad Nacional Autonoma de Mexico, MX"
278,2001:1218:604c::1,2001:1218:604c::/48,MX,lacnic,2005-06-29,"AS278 - Universidad Nacional Autonoma de Mexico, MX"
278,2001:1218:604d::1,2001:1218::/32,MX,lacnic,2005-06-29,"AS278 - Universidad Nacional Autonoma de Mexico, MX"
278,2001:1218:6051::1,2001:1218:6051::/48,MX,lacnic,2005-06-29,"AS278 - Universidad Nacional Autonoma de Mexico, MX"
278,2001:1218:6054::1,2001:1218:6054::/48,MX,lacnic,2005-06-29,"AS278 - Universidad Nacional Autonoma de Mexico, MX"
278,2001:1218:6055::1,2001:1218:6055::/48,MX,lacnic,2005-06-29,"AS278 - Universidad Nacional Autonoma de Mexico, MX"
278,2001:1218:6058::1,2001:1218:6058::/48,MX,lacnic,2005-06-29,"AS278 - Universidad Nacional Autonoma de Mexico, MX"
278,2001:1218:6061::1,2001:1218:6061::/48,MX,lacnic,2005-06-29,"AS278 - Universidad Nacional Autonoma de Mexico, MX"
278,2001:1218:60b1::1,2001:1218:60b1::/48,MX,lacnic,2005-06-29,"AS278 - Universidad Nacional Autonoma de Mexico, MX"
278,2001:1218:60b3::1,2001:1218::/32,MX,lacnic,2005-06-29,"AS278 - Universidad Nacional Autonoma de Mexico, MX"
278,2001:1218:60b4::1,2001:1218:60b4::/48,MX,lacnic,2005-06-29,"AS278 - Universidad Nacional Autonoma de Mexico, MX"
278,2001:1218:60b8::1,2001:1218:60b8::/48,MX,lacnic,2005-06-29,"AS278 - Universidad Nacional Autonoma de Mexico, MX"
278,2001:1218:60bb::1,2001:1218:60bb::/48,MX,lacnic,2005-06-29,"AS278 - Universidad Nacional Autonoma de Mexico, MX"
278,2001:1218:60bd::1,2001:1218:60bd::/48,MX,lacnic,2005-06-29,"AS278 - Universidad Nacional Autonoma de Mexico, MX"
278,2001:1218:60bf::1,2001:1218:60bf::/48,MX,lacnic,2005-06-29,"AS278 - Universidad Nacional Autonoma de Mexico, MX"
278,2001:1218:60c0::1,2001:1218:60c0::/48,MX,lacnic,2005-06-29,"AS278 - Universidad Nacional Autonoma de Mexico, MX"
278,2001:1218:7000:ffff::,2001:1218::/32,MX,lacnic,2005-06-29,"AS278 - Universidad Nacional Autonoma de Mexico, MX"
278,2001:1218:7000:ffff::1,2001:1218::/32,MX,lacnic,2005-06-29,"AS278 - Universidad Nacional Autonoma de Mexico, MX"
278,2001:1218:8000::132,2001:1218::/32,MX,lacnic,2005-06-29,"AS278 - Universidad Nacional Autonoma de Mexico, MX"
278,2001:1218:8000::133,2001:1218::/32,MX,lacnic,2005-06-29,"AS278 - Universidad Nacional Autonoma de Mexico, MX"
278,2001:1218:8000::144,2001:1218::/32,MX,lacnic,2005-06-29,"AS278 - Universidad Nacional Autonoma de Mexico, MX"
278,2001:1218:8000::155,2001:1218::/32,MX,lacnic,2005-06-29,"AS278 - Universidad Nacional Autonoma de Mexico, MX"
278,2001:1218:8000::165,2001:1218::/32,MX,lacnic,2005-06-29,"AS278 - Universidad Nacional Autonoma de Mexico, MX"
278,2001:1218:8000::166,2001:1218::/32,MX,lacnic,2005-06-29,"AS278 - Universidad Nacional Autonoma de Mexico, MX"
278,2001:1218:8000::183,2001:1218::/32,MX,lacnic,2005-06-29,"AS278 - Universidad Nacional Autonoma de Mexico, MX"
278,2001:1218:8000::200,2001:1218::/32,MX,lacnic,2005-06-29,"AS278 - Universidad Nacional Autonoma de Mexico, MX"
278,2001:1218:8000::202,2001:1218::/32,MX,lacnic,2005-06-29,"AS278 - Universidad Nacional Autonoma de Mexico, MX"
278,2001:1218:8000::210,2001:1218::/32,MX,lacnic,2005-06-29,"AS278 - Universidad Nacional Autonoma de Mexico, MX"
278,2001:1218:801:203:64::250,2001:1218::/32,MX,lacnic,2005-06-29,"AS278 - Universidad Nacional Autonoma de Mexico, MX"
278,2001:1218:c01:203:237::250,2001:1218::/32,MX,lacnic,2005-06-29,"AS278 - Universidad Nacional Autonoma de Mexico, MX"
28467,2001:1225::1,2001:1225::/32,MX,lacnic,2025-05-22,"AS28467 - OPTICAL LINE TERMINAL SAS DE CV, MX"
28467,2001:1225::2,2001:1225::/32,MX,lacnic,2025-05-22,"AS28467 - OPTICAL LINE TERMINAL SAS DE CV, MX"
273280,2001:1226:1000::1,2001:1226:1000::/40,MX,lacnic,2025-06-18,"AS273280 - Jorge Juarez Luna, MX"
273280,2001:1226:1100::1,2001:1226:1100::/40,MX,lacnic,2025-06-18,"AS273280 - Jorge Juarez Luna, MX"
273285,2001:1229:100::1,2001:1229:100::/40,MX,lacnic,2025-07-25,"AS273285 - GRU TELCOM SA DE CV, MX"
273285,2001:1229:200::1,2001:1229:200::/40,MX,lacnic,2025-07-25,"AS273285 - GRU TELCOM SA DE CV, MX"
273285,2001:1229::1,2001:1229::/40,MX,lacnic,2025-07-25,"AS273285 - GRU TELCOM SA DE CV, MX"
273285,2001:1229::2,2001:1229::/40,MX,lacnic,2025-07-25,"AS273285 - GRU TELCOM SA DE CV, MX"
273286,2001:122a:0:f:6238:e0ff:fe9e:f79c,2001:122a::/32,MX,lacnic,2025-07-08,"AS273286 - Luis Daniel Soto Ramirez, MX"
NA,2001:122c:10a:3::2,NA,MX,lacnic,2009-12-28,NA
32098,2001:1238:1:2::1,2001:1238::/32,MX,lacnic,2006-01-13,"TRANSTELCO-INC - Transtelco Inc, US"
32098,2001:1238:1:3::,2001:1238::/32,MX,lacnic,2006-01-13,"TRANSTELCO-INC - Transtelco Inc, US"
32098,2001:1238:1:3::1,2001:1238::/32,MX,lacnic,2006-01-13,"TRANSTELCO-INC - Transtelco Inc, US"
32098,2001:1238:1:3::3,2001:1238::/32,MX,lacnic,2006-01-13,"TRANSTELCO-INC - Transtelco Inc, US"
32098,2001:1238::6:115,2001:1238::/32,MX,lacnic,2006-01-13,"TRANSTELCO-INC - Transtelco Inc, US"
11172,2001:1248:1:110f:ff:ff00:c8bc:3d3a,2001:1248:1::/48,MX,lacnic,2008-01-08,"AS11172 - Alestra, S. de R.L. de C.V., MX"
11172,2001:1248:1:1ff:ff:ff00:c8bc:3d39,2001:1248:1::/48,MX,lacnic,2008-01-08,"AS11172 - Alestra, S. de R.L. de C.V., MX"
11172,2001:1248:1:6300:face:b00c:0:a7,2001:1248:1::/48,MX,lacnic,2008-01-08,"AS11172 - Alestra, S. de R.L. de C.V., MX"
11172,2001:1248:1:6300:face:b00c:1155:a59,2001:1248:1::/48,MX,lacnic,2008-01-08,"AS11172 - Alestra, S. de R.L. de C.V., MX"
11172,2001:1248:1:6300:face:b00c:3333:1b26,2001:1248:1::/48,MX,lacnic,2008-01-08,"AS11172 - Alestra, S. de R.L. de C.V., MX"
11172,2001:1248:1:6300:face:b00c:3333:7020,2001:1248:1::/48,MX,lacnic,2008-01-08,"AS11172 - Alestra, S. de R.L. de C.V., MX"
11172,2001:1248:1:6300:face:b00c:3333:a3f,2001:1248:1::/48,MX,lacnic,2008-01-08,"AS11172 - Alestra, S. de R.L. de C.V., MX"
11172,2001:1248:1:6301:5b76:10b0:34d6:d8ab,2001:1248:1::/48,MX,lacnic,2008-01-08,"AS11172 - Alestra, S. de R.L. de C.V., MX"
11172,2001:1248:1:63ff:ff:ff00:c997:1952,2001:1248:1::/48,MX,lacnic,2008-01-08,"AS11172 - Alestra, S. de R.L. de C.V., MX"
11172,2001:1248:2118::1,2001:1248:2100::/42,MX,lacnic,2008-01-08,"AS11172 - Alestra, S. de R.L. de C.V., MX"
11172,2001:1248:2123::1,2001:1248:2100::/42,MX,lacnic,2008-01-08,"AS11172 - Alestra, S. de R.L. de C.V., MX"
11172,2001:1248:2133::1,2001:1248:2100::/42,MX,lacnic,2008-01-08,"AS11172 - Alestra, S. de R.L. de C.V., MX"
11172,2001:1248:2136::1,2001:1248:2100::/42,MX,lacnic,2008-01-08,"AS11172 - Alestra, S. de R.L. de C.V., MX"
11172,2001:1248:213f:f001:ebb2:f19d:ab7f:5cea,2001:1248:2100::/42,MX,lacnic,2008-01-08,"AS11172 - Alestra, S. de R.L. de C.V., MX"
11172,2001:1248:213f:f001:ebb2:f19d:ab7f:5ceb,2001:1248:2100::/42,MX,lacnic,2008-01-08,"AS11172 - Alestra, S. de R.L. de C.V., MX"
11172,2001:1248:213f:f018:bbc4:ae8c:82da:5001,2001:1248:2100::/42,MX,lacnic,2008-01-08,"AS11172 - Alestra, S. de R.L. de C.V., MX"
11172,2001:1248:213f:f023:e1d5:2d03:1fed:410a,2001:1248:2100::/42,MX,lacnic,2008-01-08,"AS11172 - Alestra, S. de R.L. de C.V., MX"
11172,2001:1248:216e::1,2001:1248:2140::/42,MX,lacnic,2008-01-08,"AS11172 - Alestra, S. de R.L. de C.V., MX"
11172,2001:1248:217f:f009:4ce7:f84e:eb8f:510a,2001:1248:2140::/42,MX,lacnic,2008-01-08,"AS11172 - Alestra, S. de R.L. de C.V., MX"
11172,2001:1248:217f:f017:95da:cf7b:39f:510a,2001:1248:2140::/42,MX,lacnic,2008-01-08,"AS11172 - Alestra, S. de R.L. de C.V., MX"
11172,2001:1248:217f:f025:2ff2:7dd4:febc:264b,2001:1248:2140::/42,MX,lacnic,2008-01-08,"AS11172 - Alestra, S. de R.L. de C.V., MX"
11172,2001:1248:217f:f02c:8a97:6a6d:ed7d:1,2001:1248:2140::/42,MX,lacnic,2008-01-08,"AS11172 - Alestra, S. de R.L. de C.V., MX"
11172,2001:1248:217f:f02c:8a97:6a6d:ed7d:10a,2001:1248:2140::/42,MX,lacnic,2008-01-08,"AS11172 - Alestra, S. de R.L. de C.V., MX"
11172,2001:1248:217f:f033:7559:2f55:5c55:810a,2001:1248:2140::/42,MX,lacnic,2008-01-08,"AS11172 - Alestra, S. de R.L. de C.V., MX"
11172,2001:1248:217f:f037:8ace:26a3:ac0d:8001,2001:1248:2140::/42,MX,lacnic,2008-01-08,"AS11172 - Alestra, S. de R.L. de C.V., MX"
11172,2001:1248:2187::1,2001:1248:2180::/42,MX,lacnic,2008-01-08,"AS11172 - Alestra, S. de R.L. de C.V., MX"
11172,2001:1248:218f::1,2001:1248:2180::/42,MX,lacnic,2008-01-08,"AS11172 - Alestra, S. de R.L. de C.V., MX"
11172,2001:1248:21bf:f007:246b:9f81:cf1d:c001,2001:1248:2180::/42,MX,lacnic,2008-01-08,"AS11172 - Alestra, S. de R.L. de C.V., MX"
11172,2001:1248:21bf:f00f:620d:dd9b:c65e:110a,2001:1248:2180::/42,MX,lacnic,2008-01-08,"AS11172 - Alestra, S. de R.L. de C.V., MX"
11172,2001:1248:21d2::1,2001:1248:21c0::/42,MX,lacnic,2008-01-08,"AS11172 - Alestra, S. de R.L. de C.V., MX"
11172,2001:1248:21d4::1,2001:1248:21c0::/42,MX,lacnic,2008-01-08,"AS11172 - Alestra, S. de R.L. de C.V., MX"
11172,2001:1248:21ef::1,2001:1248:21c0::/42,MX,lacnic,2008-01-08,"AS11172 - Alestra, S. de R.L. de C.V., MX"
11172,2001:1248:21fd::1,2001:1248:21c0::/42,MX,lacnic,2008-01-08,"AS11172 - Alestra, S. de R.L. de C.V., MX"
11172,2001:1248:21ff:f004:627f:de10:a731:5001,2001:1248:21c0::/42,MX,lacnic,2008-01-08,"AS11172 - Alestra, S. de R.L. de C.V., MX"
11172,2001:1248:21ff:f004:627f:de10:a731:510a,2001:1248:21c0::/42,MX,lacnic,2008-01-08,"AS11172 - Alestra, S. de R.L. de C.V., MX"
11172,2001:1248:21ff:f012:ae75:246a:b401:710a,2001:1248:21c0::/42,MX,lacnic,2008-01-08,"AS11172 - Alestra, S. de R.L. de C.V., MX"
11172,2001:1248:21ff:f03d:e753:9c4e:cf4b:6001,2001:1248:21c0::/42,MX,lacnic,2008-01-08,"AS11172 - Alestra, S. de R.L. de C.V., MX"
11172,2001:1248:21ff:f03d:e753:9c4e:cf4b:610a,2001:1248:21c0::/42,MX,lacnic,2008-01-08,"AS11172 - Alestra, S. de R.L. de C.V., MX"
11172,2001:1248:222d::1,2001:1248:2200::/42,MX,lacnic,2008-01-08,"AS11172 - Alestra, S. de R.L. de C.V., MX"
11172,2001:1248:223f:f010:eb6f:8c4a:1526:a10a,2001:1248:2200::/42,MX,lacnic,2008-01-08,"AS11172 - Alestra, S. de R.L. de C.V., MX"
11172,2001:1248:223f:f010:eb6f:8c4a:1526:a10b,2001:1248:2200::/42,MX,lacnic,2008-01-08,"AS11172 - Alestra, S. de R.L. de C.V., MX"
11172,2001:1248:224a::1,2001:1248:2240::/42,MX,lacnic,2008-01-08,"AS11172 - Alestra, S. de R.L. de C.V., MX"
11172,2001:1248:227f:f00a:89e7:9ba7:d016:1,2001:1248:2240::/42,MX,lacnic,2008-01-08,"AS11172 - Alestra, S. de R.L. de C.V., MX"
11172,2001:1248:22a3::1,2001:1248:22a3::/48,MX,lacnic,2008-01-08,"AS11172 - Alestra, S. de R.L. de C.V., MX"
11172,2001:1248:22be::1,2001:1248:22be::/48,MX,lacnic,2008-01-08,"AS11172 - Alestra, S. de R.L. de C.V., MX"
11172,2001:1248:22bf:f023:d0b1:3818:8167:e001,2001:1248:2280::/42,MX,lacnic,2008-01-08,"AS11172 - Alestra, S. de R.L. de C.V., MX"
11172,2001:1248:22bf:f023:d0b1:3818:8167:e10a,2001:1248:2280::/42,MX,lacnic,2008-01-08,"AS11172 - Alestra, S. de R.L. de C.V., MX"
11172,2001:1248:22bf:f026:ddec:e41:c952:6e1a,2001:1248:2280::/42,MX,lacnic,2008-01-08,"AS11172 - Alestra, S. de R.L. de C.V., MX"
11172,2001:1248:22bf:f026:ddec:e41:c952:6e1b,2001:1248:2280::/42,MX,lacnic,2008-01-08,"AS11172 - Alestra, S. de R.L. de C.V., MX"
11172,2001:1248:22bf:f03e:e230:664c:3982:1,2001:1248:2280::/42,MX,lacnic,2008-01-08,"AS11172 - Alestra, S. de R.L. de C.V., MX"
11172,2001:1248:22bf:f03e:e230:664c:3982:10a,2001:1248:2280::/42,MX,lacnic,2008-01-08,"AS11172 - Alestra, S. de R.L. de C.V., MX"
11172,2001:1248:22d8::1,2001:1248:22c0::/42,MX,lacnic,2008-01-08,"AS11172 - Alestra, S. de R.L. de C.V., MX"
11172,2001:1248:233f:f01c:87fa:82c7:7cc7:72ab,2001:1248:2300::/42,MX,lacnic,2008-01-08,"AS11172 - Alestra, S. de R.L. de C.V., MX"
11172,2001:1248:2408::1,2001:1248:2408::/48,MX,lacnic,2008-01-08,"AS11172 - Alestra, S. de R.L. de C.V., MX"
11172,2001:1248:240b::1,2001:1248:240b::/48,MX,lacnic,2008-01-08,"AS11172 - Alestra, S. de R.L. de C.V., MX"
11172,2001:1248:242d::1,2001:1248:242d::/48,MX,lacnic,2008-01-08,"AS11172 - Alestra, S. de R.L. de C.V., MX"
11172,2001:1248:243f:f008:cf07:c51c:6601:b001,2001:1248:2400::/42,MX,lacnic,2008-01-08,"AS11172 - Alestra, S. de R.L. de C.V., MX"
11172,2001:1248:243f:f008:cf07:c51c:6601:b10a,2001:1248:2400::/42,MX,lacnic,2008-01-08,"AS11172 - Alestra, S. de R.L. de C.V., MX"
11172,2001:1248:243f:f009:76c5:5ce9:c527:614b,2001:1248:2400::/42,MX,lacnic,2008-01-08,"AS11172 - Alestra, S. de R.L. de C.V., MX"
11172,2001:1248:243f:f00b:1e3b:a5b7:d887:c001,2001:1248:2400::/42,MX,lacnic,2008-01-08,"AS11172 - Alestra, S. de R.L. de C.V., MX"
11172,2001:1248:243f:f00b:1e3b:a5b7:d887:c10a,2001:1248:2400::/42,MX,lacnic,2008-01-08,"AS11172 - Alestra, S. de R.L. de C.V., MX"
11172,2001:1248:243f:f02d:27b:92ff:4165:8001,2001:1248:2400::/42,MX,lacnic,2008-01-08,"AS11172 - Alestra, S. de R.L. de C.V., MX"
11172,2001:1248:243f:f02d:27b:92ff:4165:810a,2001:1248:2400::/42,MX,lacnic,2008-01-08,"AS11172 - Alestra, S. de R.L. de C.V., MX"
11172,2001:1248:2465::1,2001:1248:2465::/48,MX,lacnic,2008-01-08,"AS11172 - Alestra, S. de R.L. de C.V., MX"
11172,2001:1248:2475::1,2001:1248:2475::/48,MX,lacnic,2008-01-08,"AS11172 - Alestra, S. de R.L. de C.V., MX"
11172,2001:1248:247f:f025:d743:1118:a3c7:8001,2001:1248:2440::/42,MX,lacnic,2008-01-08,"AS11172 - Alestra, S. de R.L. de C.V., MX"
11172,2001:1248:247f:f025:d743:1118:a3c7:810a,2001:1248:2440::/42,MX,lacnic,2008-01-08,"AS11172 - Alestra, S. de R.L. de C.V., MX"
11172,2001:1248:247f:f035:f18f:1cf7:da07:4001,2001:1248:2440::/42,MX,lacnic,2008-01-08,"AS11172 - Alestra, S. de R.L. de C.V., MX"
11172,2001:1248:247f:f035:f18f:1cf7:da07:410a,2001:1248:2440::/42,MX,lacnic,2008-01-08,"AS11172 - Alestra, S. de R.L. de C.V., MX"
11172,2001:1248:24a6::1,2001:1248:24a6::/48,MX,lacnic,2008-01-08,"AS11172 - Alestra, S. de R.L. de C.V., MX"
11172,2001:1248:24bf:f026:74f7:148f:4a34:6001,2001:1248:2480::/42,MX,lacnic,2008-01-08,"AS11172 - Alestra, S. de R.L. de C.V., MX"
11172,2001:1248:24bf:f026:74f7:148f:4a34:610a,2001:1248:2480::/42,MX,lacnic,2008-01-08,"AS11172 - Alestra, S. de R.L. de C.V., MX"
11172,2001:1248:24bf:f033::2,2001:1248:2480::/42,MX,lacnic,2008-01-08,"AS11172 - Alestra, S. de R.L. de C.V., MX"
11172,2001:1248:24bf:f03a:5275:7414:8aaa:910a,2001:1248:2480::/42,MX,lacnic,2008-01-08,"AS11172 - Alestra, S. de R.L. de C.V., MX"
11172,2001:1248:24fc::1,2001:1248:24fc::/48,MX,lacnic,2008-01-08,"AS11172 - Alestra, S. de R.L. de C.V., MX"
11172,2001:1248:24ff:f019:acfd:79e4:1403:e90a,2001:1248:24c0::/42,MX,lacnic,2008-01-08,"AS11172 - Alestra, S. de R.L. de C.V., MX"
11172,2001:1248:24ff:f03c:9eac:bc8e:df59:d001,2001:1248:24c0::/42,MX,lacnic,2008-01-08,"AS11172 - Alestra, S. de R.L. de C.V., MX"
11172,2001:1248:24ff:f03c:9eac:bc8e:df59:d10a,2001:1248:24c0::/42,MX,lacnic,2008-01-08,"AS11172 - Alestra, S. de R.L. de C.V., MX"
11172,2001:1248:2636::1,2001:1248:2636::/48,MX,lacnic,2008-01-08,"AS11172 - Alestra, S. de R.L. de C.V., MX"
11172,2001:1248:263f:36:c0e6:7746:12d2:8001,2001:1248:2600::/42,MX,lacnic,2008-01-08,"AS11172 - Alestra, S. de R.L. de C.V., MX"
11172,2001:1248:263f:36:c0e6:7746:12d2:810a,2001:1248:2600::/42,MX,lacnic,2008-01-08,"AS11172 - Alestra, S. de R.L. de C.V., MX"
11172,2001:1248:263f:38:fa24:5883:1b93:23db,2001:1248:2600::/42,MX,lacnic,2008-01-08,"AS11172 - Alestra, S. de R.L. de C.V., MX"
11172,2001:1248:2643::1,2001:1248:2643::/48,MX,lacnic,2008-01-08,"AS11172 - Alestra, S. de R.L. de C.V., MX"
11172,2001:1248:2676::1,2001:1248:2676::/48,MX,lacnic,2008-01-08,"AS11172 - Alestra, S. de R.L. de C.V., MX"
11172,2001:1248:267f:f003:119:91bb:f92a:e001,2001:1248:2640::/42,MX,lacnic,2008-01-08,"AS11172 - Alestra, S. de R.L. de C.V., MX"
11172,2001:1248:267f:f003:119:91bb:f92a:e10a,2001:1248:2640::/42,MX,lacnic,2008-01-08,"AS11172 - Alestra, S. de R.L. de C.V., MX"
11172,2001:1248:267f:f026:af08:10a5:95aa:7c1a,2001:1248:2640::/42,MX,lacnic,2008-01-08,"AS11172 - Alestra, S. de R.L. de C.V., MX"
11172,2001:1248:267f:f026:af08:10a5:95aa:7c1b,2001:1248:2640::/42,MX,lacnic,2008-01-08,"AS11172 - Alestra, S. de R.L. de C.V., MX"
11172,2001:1248:267f:f036:cea2:4e92:43c2:7001,2001:1248:2640::/42,MX,lacnic,2008-01-08,"AS11172 - Alestra, S. de R.L. de C.V., MX"
11172,2001:1248:267f:f036:cea2:4e92:43c2:710a,2001:1248:2640::/42,MX,lacnic,2008-01-08,"AS11172 - Alestra, S. de R.L. de C.V., MX"
11172,2001:1248:267f:f03a:feef:89a:ae7:6001,2001:1248:2640::/42,MX,lacnic,2008-01-08,"AS11172 - Alestra, S. de R.L. de C.V., MX"
11172,2001:1248:267f:f03a:feef:89a:ae7:610a,2001:1248:2640::/42,MX,lacnic,2008-01-08,"AS11172 - Alestra, S. de R.L. de C.V., MX"
11172,2001:1248:2685::1,2001:1248:2685::/48,MX,lacnic,2008-01-08,"AS11172 - Alestra, S. de R.L. de C.V., MX"
11172,2001:1248:2690::1,2001:1248:2690::/48,MX,lacnic,2008-01-08,"AS11172 - Alestra, S. de R.L. de C.V., MX"
11172,2001:1248:26bf:f005:45e4:9047:eaea:7001,2001:1248:2680::/42,MX,lacnic,2008-01-08,"AS11172 - Alestra, S. de R.L. de C.V., MX"
11172,2001:1248:26bf:f005:45e4:9047:eaea:710a,2001:1248:2680::/42,MX,lacnic,2008-01-08,"AS11172 - Alestra, S. de R.L. de C.V., MX"
11172,2001:1248:26bf:f00b:691f:668:20ea:a6ba,2001:1248:2680::/42,MX,lacnic,2008-01-08,"AS11172 - Alestra, S. de R.L. de C.V., MX"
11172,2001:1248:26bf:f00b:691f:668:20ea:a6bb,2001:1248:2680::/42,MX,lacnic,2008-01-08,"AS11172 - Alestra, S. de R.L. de C.V., MX"
11172,2001:1248:26bf:f010:b47c:f565:df72:6001,2001:1248:2680::/42,MX,lacnic,2008-01-08,"AS11172 - Alestra, S. de R.L. de C.V., MX"
11172,2001:1248:26bf:f010:b47c:f565:df72:610a,2001:1248:2680::/42,MX,lacnic,2008-01-08,"AS11172 - Alestra, S. de R.L. de C.V., MX"
11172,2001:1248:26bf:f028:8ccd:8770:d58c:d001,2001:1248:2680::/42,MX,lacnic,2008-01-08,"AS11172 - Alestra, S. de R.L. de C.V., MX"
11172,2001:1248:26bf:f028:8ccd:8770:d58c:d10a,2001:1248:2680::/42,MX,lacnic,2008-01-08,"AS11172 - Alestra, S. de R.L. de C.V., MX"
11172,2001:1248:2:100f:ff:ff00:c85e:5dd6,2001:1248:2::/48,MX,lacnic,2008-01-08,"AS11172 - Alestra, S. de R.L. de C.V., MX"
11172,2001:1248:2:1910:9e54:9b5a:692e:1a1a,2001:1248:2::/48,MX,lacnic,2008-01-08,"AS11172 - Alestra, S. de R.L. de C.V., MX"
11172,2001:1248:300a::1,2001:1248:3000::/42,MX,lacnic,2008-01-08,"AS11172 - Alestra, S. de R.L. de C.V., MX"
11172,2001:1248:3013::1,2001:1248:3000::/42,MX,lacnic,2008-01-08,"AS11172 - Alestra, S. de R.L. de C.V., MX"
11172,2001:1248:3020::1,2001:1248:3000::/42,MX,lacnic,2008-01-08,"AS11172 - Alestra, S. de R.L. de C.V., MX"
11172,2001:1248:3024::1,2001:1248:3000::/42,MX,lacnic,2008-01-08,"AS11172 - Alestra, S. de R.L. de C.V., MX"
11172,2001:1248:3027::1,2001:1248:3000::/42,MX,lacnic,2008-01-08,"AS11172 - Alestra, S. de R.L. de C.V., MX"
11172,2001:1248:302b::1,2001:1248:3000::/42,MX,lacnic,2008-01-08,"AS11172 - Alestra, S. de R.L. de C.V., MX"
11172,2001:1248:3032::1,2001:1248:3000::/42,MX,lacnic,2008-01-08,"AS11172 - Alestra, S. de R.L. de C.V., MX"
11172,2001:1248:3035::1,2001:1248:3000::/42,MX,lacnic,2008-01-08,"AS11172 - Alestra, S. de R.L. de C.V., MX"
11172,2001:1248:303f:f001:e9e:99b4:d418:f001,2001:1248:3000::/42,MX,lacnic,2008-01-08,"AS11172 - Alestra, S. de R.L. de C.V., MX"
11172,2001:1248:303f:f001:e9e:99b4:d418:f10a,2001:1248:3000::/42,MX,lacnic,2008-01-08,"AS11172 - Alestra, S. de R.L. de C.V., MX"
11172,2001:1248:303f:f001:e9e:99b4:d418:f10b,2001:1248:3000::/42,MX,lacnic,2008-01-08,"AS11172 - Alestra, S. de R.L. de C.V., MX"
11172,2001:1248:303f:f009:43a6:2197:3cc:f17f,2001:1248:3000::/42,MX,lacnic,2008-01-08,"AS11172 - Alestra, S. de R.L. de C.V., MX"
11172,2001:1248:303f:f00a:69d8:8523:f480:6001,2001:1248:3000::/42,MX,lacnic,2008-01-08,"AS11172 - Alestra, S. de R.L. de C.V., MX"
11172,2001:1248:303f:f00a:69d8:8523:f480:610a,2001:1248:3000::/42,MX,lacnic,2008-01-08,"AS11172 - Alestra, S. de R.L. de C.V., MX"
11172,2001:1248:303f:f00a:69d8:8523:f480:610b,2001:1248:3000::/42,MX,lacnic,2008-01-08,"AS11172 - Alestra, S. de R.L. de C.V., MX"
11172,2001:1248:303f:f00f:9e37:6ba4:790c:e66a,2001:1248:3000::/42,MX,lacnic,2008-01-08,"AS11172 - Alestra, S. de R.L. de C.V., MX"
11172,2001:1248:303f:f013:d790:ee09:6f8e:4001,2001:1248:3000::/42,MX,lacnic,2008-01-08,"AS11172 - Alestra, S. de R.L. de C.V., MX"
11172,2001:1248:303f:f015:69f6:e50b:991f:310a,2001:1248:3000::/42,MX,lacnic,2008-01-08,"AS11172 - Alestra, S. de R.L. de C.V., MX"
11172,2001:1248:303f:f015:69f6:e50b:991f:310b,2001:1248:3000::/42,MX,lacnic,2008-01-08,"AS11172 - Alestra, S. de R.L. de C.V., MX"
11172,2001:1248:303f:f016:8276:114d:96b0:fc7a,2001:1248:3000::/42,MX,lacnic,2008-01-08,"AS11172 - Alestra, S. de R.L. de C.V., MX"
11172,2001:1248:303f:f01e:48dd:3eb5:10ee:a17f,2001:1248:3000::/42,MX,lacnic,2008-01-08,"AS11172 - Alestra, S. de R.L. de C.V., MX"
11172,2001:1248:303f:f024:90df:118c:f563:910b,2001:1248:3000::/42,MX,lacnic,2008-01-08,"AS11172 - Alestra, S. de R.L. de C.V., MX"
11172,2001:1248:303f:f026:f8cb:5c68:b086:646a,2001:1248:3000::/42,MX,lacnic,2008-01-08,"AS11172 - Alestra, S. de R.L. de C.V., MX"
11172,2001:1248:303f:f027:6961:eedd:2757:c001,2001:1248:3000::/42,MX,lacnic,2008-01-08,"AS11172 - Alestra, S. de R.L. de C.V., MX"
11172,2001:1248:303f:f027:6961:eedd:2757:c10a,2001:1248:3000::/42,MX,lacnic,2008-01-08,"AS11172 - Alestra, S. de R.L. de C.V., MX"
11172,2001:1248:303f:f02b:b63b:a2ca:d3df:1,2001:1248:3000::/42,MX,lacnic,2008-01-08,"AS11172 - Alestra, S. de R.L. de C.V., MX"
11172,2001:1248:303f:f02d:b5b7:5f4d:7784:17f,2001:1248:3000::/42,MX,lacnic,2008-01-08,"AS11172 - Alestra, S. de R.L. de C.V., MX"
11172,2001:1248:303f:f02e:f634:9fc4:e087:c10a,2001:1248:3000::/42,MX,lacnic,2008-01-08,"AS11172 - Alestra, S. de R.L. de C.V., MX"
11172,2001:1248:303f:f02e:f634:9fc4:e087:c10b,2001:1248:3000::/42,MX,lacnic,2008-01-08,"AS11172 - Alestra, S. de R.L. de C.V., MX"
11172,2001:1248:303f:f032:96df:56aa:762b:8001,2001:1248:3000::/42,MX,lacnic,2008-01-08,"AS11172 - Alestra, S. de R.L. de C.V., MX"
11172,2001:1248:303f:f033:bbce:95c0:baad:e001,2001:1248:3000::/42,MX,lacnic,2008-01-08,"AS11172 - Alestra, S. de R.L. de C.V., MX"
11172,2001:1248:303f:f033:bbce:95c0:baad:e10a,2001:1248:3000::/42,MX,lacnic,2008-01-08,"AS11172 - Alestra, S. de R.L. de C.V., MX"
11172,2001:1248:303f:f033:bbce:95c0:baad:e10b,2001:1248:3000::/42,MX,lacnic,2008-01-08,"AS11172 - Alestra, S. de R.L. de C.V., MX"
11172,2001:1248:303f:f037:57b6:e557:3b4e:110a,2001:1248:3000::/42,MX,lacnic,2008-01-08,"AS11172 - Alestra, S. de R.L. de C.V., MX"
11172,2001:1248:303f:f037:57b6:e557:3b4e:110b,2001:1248:3000::/42,MX,lacnic,2008-01-08,"AS11172 - Alestra, S. de R.L. de C.V., MX"
11172,2001:1248:303f:f03d:48e:8574:3dbd:ef2a,2001:1248:3000::/42,MX,lacnic,2008-01-08,"AS11172 - Alestra, S. de R.L. de C.V., MX"
11172,2001:1248:3066::1,2001:1248:3040::/42,MX,lacnic,2008-01-08,"AS11172 - Alestra, S. de R.L. de C.V., MX"
11172,2001:1248:3076::1,2001:1248:3040::/42,MX,lacnic,2008-01-08,"AS11172 - Alestra, S. de R.L. de C.V., MX"
11172,2001:1248:307f:f00e:6dad:1162:453b:4eca,2001:1248:3040::/42,MX,lacnic,2008-01-08,"AS11172 - Alestra, S. de R.L. de C.V., MX"
11172,2001:1248:307f:f00f:f698:b917:38ef:610a,2001:1248:3040::/42,MX,lacnic,2008-01-08,"AS11172 - Alestra, S. de R.L. de C.V., MX"
11172,2001:1248:307f:f00f:f698:b917:38ef:617f,2001:1248:3040::/42,MX,lacnic,2008-01-08,"AS11172 - Alestra, S. de R.L. de C.V., MX"
11172,2001:1248:307f:f012:fb9c:d114:74cc:717f,2001:1248:3040::/42,MX,lacnic,2008-01-08,"AS11172 - Alestra, S. de R.L. de C.V., MX"
11172,2001:1248:307f:f019:b1c6:75d:d6ce:2e8a,2001:1248:3040::/42,MX,lacnic,2008-01-08,"AS11172 - Alestra, S. de R.L. de C.V., MX"
11172,2001:1248:307f:f01b:145e:1c20:5d20:9001,2001:1248:3040::/42,MX,lacnic,2008-01-08,"AS11172 - Alestra, S. de R.L. de C.V., MX"
11172,2001:1248:307f:f01b:145e:1c20:5d20:910a,2001:1248:3040::/42,MX,lacnic,2008-01-08,"AS11172 - Alestra, S. de R.L. de C.V., MX"
11172,2001:1248:307f:f01b:145e:1c20:5d20:910b,2001:1248:3040::/42,MX,lacnic,2008-01-08,"AS11172 - Alestra, S. de R.L. de C.V., MX"
11172,2001:1248:307f:f01c:a73d:c1aa:a176:bcea,2001:1248:3040::/42,MX,lacnic,2008-01-08,"AS11172 - Alestra, S. de R.L. de C.V., MX"
11172,2001:1248:307f:f024:56ce:44b1:279b:24ea,2001:1248:3040::/42,MX,lacnic,2008-01-08,"AS11172 - Alestra, S. de R.L. de C.V., MX"
11172,2001:1248:307f:f026:930f:2d8:1fb0:4001,2001:1248:3040::/42,MX,lacnic,2008-01-08,"AS11172 - Alestra, S. de R.L. de C.V., MX"
11172,2001:1248:307f:f027:22de:e362:abf6:a10b,2001:1248:3040::/42,MX,lacnic,2008-01-08,"AS11172 - Alestra, S. de R.L. de C.V., MX"
11172,2001:1248:307f:f02e:5afa:a1fe:147:10a,2001:1248:3040::/42,MX,lacnic,2008-01-08,"AS11172 - Alestra, S. de R.L. de C.V., MX"
11172,2001:1248:307f:f02e:5afa:a1fe:147:10b,2001:1248:3040::/42,MX,lacnic,2008-01-08,"AS11172 - Alestra, S. de R.L. de C.V., MX"
11172,2001:1248:307f:f02f:f46e:7fb6:5cd6:217f,2001:1248:3040::/42,MX,lacnic,2008-01-08,"AS11172 - Alestra, S. de R.L. de C.V., MX"
11172,2001:1248:307f:f036:280:cd14:2bbc:1001,2001:1248:3040::/42,MX,lacnic,2008-01-08,"AS11172 - Alestra, S. de R.L. de C.V., MX"
11172,2001:1248:307f:f036:280:cd14:2bbc:110a,2001:1248:3040::/42,MX,lacnic,2008-01-08,"AS11172 - Alestra, S. de R.L. de C.V., MX"
11172,2001:1248:307f:f036:280:cd14:2bbc:110b,2001:1248:3040::/42,MX,lacnic,2008-01-08,"AS11172 - Alestra, S. de R.L. de C.V., MX"
11172,2001:1248:30ba::1,2001:1248:3080::/42,MX,lacnic,2008-01-08,"AS11172 - Alestra, S. de R.L. de C.V., MX"
11172,2001:1248:30bc::1,2001:1248:3080::/42,MX,lacnic,2008-01-08,"AS11172 - Alestra, S. de R.L. de C.V., MX"
11172,2001:1248:30db::1,2001:1248:30c0::/42,MX,lacnic,2008-01-08,"AS11172 - Alestra, S. de R.L. de C.V., MX"
11172,2001:1248:30ef:f007:7e06:276a:1b22:8c6a,2001:1248:30c0::/42,MX,lacnic,2008-01-08,"AS11172 - Alestra, S. de R.L. de C.V., MX"
11172,2001:1248:30ef:f00c:9047:bd63:35a1:3001,2001:1248:30c0::/42,MX,lacnic,2008-01-08,"AS11172 - Alestra, S. de R.L. de C.V., MX"
11172,2001:1248:30ef:f00c:9047:bd63:35a1:310a,2001:1248:30c0::/42,MX,lacnic,2008-01-08,"AS11172 - Alestra, S. de R.L. de C.V., MX"
11172,2001:1248:30ef:f00c:9047:bd63:35a1:310b,2001:1248:30c0::/42,MX,lacnic,2008-01-08,"AS11172 - Alestra, S. de R.L. de C.V., MX"
11172,2001:1248:30ef:f010:4cad:a8b2:c14e:d10b,2001:1248:30c0::/42,MX,lacnic,2008-01-08,"AS11172 - Alestra, S. de R.L. de C.V., MX"
11172,2001:1248:30ef:f010:4cad:a8b2:c14e:d17f,2001:1248:30c0::/42,MX,lacnic,2008-01-08,"AS11172 - Alestra, S. de R.L. de C.V., MX"
11172,2001:1248:30ef:f016:c92c:3bd9:c5eb:117f,2001:1248:30c0::/42,MX,lacnic,2008-01-08,"AS11172 - Alestra, S. de R.L. de C.V., MX"
11172,2001:1248:30ef:f019:8315:41d7:6f12:7a6a,2001:1248:30c0::/42,MX,lacnic,2008-01-08,"AS11172 - Alestra, S. de R.L. de C.V., MX"
11172,2001:1248:30ef:f01c:51a5:ebcb:408e:f17f,2001:1248:30c0::/42,MX,lacnic,2008-01-08,"AS11172 - Alestra, S. de R.L. de C.V., MX"
11172,2001:1248:30ef:f023:2675:2c71:d24c:f46a,2001:1248:30c0::/42,MX,lacnic,2008-01-08,"AS11172 - Alestra, S. de R.L. de C.V., MX"
11172,2001:1248:30ef:f02b:18a8:d75a:eaf6:9001,2001:1248:30c0::/42,MX,lacnic,2008-01-08,"AS11172 - Alestra, S. de R.L. de C.V., MX"
11172,2001:1248:30ef:f02b:18a8:d75a:eaf6:910b,2001:1248:30c0::/42,MX,lacnic,2008-01-08,"AS11172 - Alestra, S. de R.L. de C.V., MX"
11172,2001:1248:30ef:f033:5cdd:cdfa:7715:517f,2001:1248:30c0::/42,MX,lacnic,2008-01-08,"AS11172 - Alestra, S. de R.L. de C.V., MX"
11172,2001:1248:3100::1,2001:1248:3100::/42,MX,lacnic,2008-01-08,"AS11172 - Alestra, S. de R.L. de C.V., MX"
11172,2001:1248:3114::1,2001:1248:3100::/42,MX,lacnic,2008-01-08,"AS11172 - Alestra, S. de R.L. de C.V., MX"
11172,2001:1248:311f::1,2001:1248:3100::/42,MX,lacnic,2008-01-08,"AS11172 - Alestra, S. de R.L. de C.V., MX"
11172,2001:1248:313f:f009:903e:5fbc:6898:c17f,2001:1248:3100::/42,MX,lacnic,2008-01-08,"AS11172 - Alestra, S. de R.L. de C.V., MX"
11172,2001:1248:313f:f014:1bed:ce5:12:d10a,2001:1248:3100::/42,MX,lacnic,2008-01-08,"AS11172 - Alestra, S. de R.L. de C.V., MX"
11172,2001:1248:313f:f017:75d3:7aa0:5e99:4c0a,2001:1248:3100::/42,MX,lacnic,2008-01-08,"AS11172 - Alestra, S. de R.L. de C.V., MX"
11172,2001:1248:313f:f018:a6b4:b298:7997:610b,2001:1248:3100::/42,MX,lacnic,2008-01-08,"AS11172 - Alestra, S. de R.L. de C.V., MX"
11172,2001:1248:313f:f01f:6cc3:9457:7388:f10a,2001:1248:3100::/42,MX,lacnic,2008-01-08,"AS11172 - Alestra, S. de R.L. de C.V., MX"
11172,2001:1248:313f:f022:3ce4:995f:ab2e:335b,2001:1248:3100::/42,MX,lacnic,2008-01-08,"AS11172 - Alestra, S. de R.L. de C.V., MX"
11172,2001:1248:313f:f026:274c:662c:7799:510b,2001:1248:3100::/42,MX,lacnic,2008-01-08,"AS11172 - Alestra, S. de R.L. de C.V., MX"
11172,2001:1248:313f:f029:696b:bb2a:ada0:910a,2001:1248:3100::/42,MX,lacnic,2008-01-08,"AS11172 - Alestra, S. de R.L. de C.V., MX"
11172,2001:1248:313f:f029:696b:bb2a:ada0:910b,2001:1248:3100::/42,MX,lacnic,2008-01-08,"AS11172 - Alestra, S. de R.L. de C.V., MX"
11172,2001:1248:313f:f02d:a69a:54db:64c0:517f,2001:1248:3100::/42,MX,lacnic,2008-01-08,"AS11172 - Alestra, S. de R.L. de C.V., MX"
11172,2001:1248:313f:f02e:799c:6ef2:994c:144a,2001:1248:3100::/42,MX,lacnic,2008-01-08,"AS11172 - Alestra, S. de R.L. de C.V., MX"
11172,2001:1248:313f:f030:d2d6:a557:545c:a2ca,2001:1248:3100::/42,MX,lacnic,2008-01-08,"AS11172 - Alestra, S. de R.L. de C.V., MX"
11172,2001:1248:313f:f033:e3d6:b34a:4f96:610b,2001:1248:3100::/42,MX,lacnic,2008-01-08,"AS11172 - Alestra, S. de R.L. de C.V., MX"
11172,2001:1248:313f:f036:1e22:42:7b8c:f4a,2001:1248:3100::/42,MX,lacnic,2008-01-08,"AS11172 - Alestra, S. de R.L. de C.V., MX"
11172,2001:1248:313f:f038:b39d:b68b:e9bc:a10a,2001:1248:3100::/42,MX,lacnic,2008-01-08,"AS11172 - Alestra, S. de R.L. de C.V., MX"
11172,2001:1248:313f:f038:b39d:b68b:e9bc:a10b,2001:1248:3100::/42,MX,lacnic,2008-01-08,"AS11172 - Alestra, S. de R.L. de C.V., MX"
11172,2001:1248:313f:f03a:d826:8fc2:b14a:d10b,2001:1248:3100::/42,MX,lacnic,2008-01-08,"AS11172 - Alestra, S. de R.L. de C.V., MX"
11172,2001:1248:313f:f03a:d826:8fc2:b14a:d17f,2001:1248:3100::/42,MX,lacnic,2008-01-08,"AS11172 - Alestra, S. de R.L. de C.V., MX"
11172,2001:1248:314b::1,2001:1248:3140::/42,MX,lacnic,2008-01-08,"AS11172 - Alestra, S. de R.L. de C.V., MX"
11172,2001:1248:3174::1,2001:1248:3174::/48,MX,lacnic,2008-01-08,"AS11172 - Alestra, S. de R.L. de C.V., MX"
11172,2001:1248:317f:f00b:9e78:f4cc:6d52:f10a,2001:1248:3140::/42,MX,lacnic,2008-01-08,"AS11172 - Alestra, S. de R.L. de C.V., MX"
11172,2001:1248:317f:f00b:9e78:f4cc:6d52:f10b,2001:1248:3140::/42,MX,lacnic,2008-01-08,"AS11172 - Alestra, S. de R.L. de C.V., MX"
11172,2001:1248:317f:f00b:9e78:f4cc:6d52:f17f,2001:1248:3140::/42,MX,lacnic,2008-01-08,"AS11172 - Alestra, S. de R.L. de C.V., MX"
11172,2001:1248:317f:f010:a93a:becf:a44:5bba,2001:1248:3140::/42,MX,lacnic,2008-01-08,"AS11172 - Alestra, S. de R.L. de C.V., MX"
11172,2001:1248:317f:f011:6d04:76c6:4472:8001,2001:1248:3140::/42,MX,lacnic,2008-01-08,"AS11172 - Alestra, S. de R.L. de C.V., MX"
11172,2001:1248:317f:f011:6d04:76c6:4472:810a,2001:1248:3140::/42,MX,lacnic,2008-01-08,"AS11172 - Alestra, S. de R.L. de C.V., MX"
11172,2001:1248:317f:f012:aafd:a4fd:dd21:26aa,2001:1248:3140::/42,MX,lacnic,2008-01-08,"AS11172 - Alestra, S. de R.L. de C.V., MX"
11172,2001:1248:317f:f01a:c6a6:61a3:3bd1:1b9a,2001:1248:3140::/42,MX,lacnic,2008-01-08,"AS11172 - Alestra, S. de R.L. de C.V., MX"
11172,2001:1248:317f:f034:299d:1480:7d58:2001,2001:1248:3140::/42,MX,lacnic,2008-01-08,"AS11172 - Alestra, S. de R.L. de C.V., MX"
11172,2001:1248:317f:f034:299d:1480:7d58:210a,2001:1248:3140::/42,MX,lacnic,2008-01-08,"AS11172 - Alestra, S. de R.L. de C.V., MX"
11172,2001:1248:320b::1,2001:1248:3200::/42,MX,lacnic,2008-01-08,"AS11172 - Alestra, S. de R.L. de C.V., MX"
11172,2001:1248:320e::1,2001:1248:3200::/42,MX,lacnic,2008-01-08,"AS11172 - Alestra, S. de R.L. de C.V., MX"
11172,2001:1248:323f:f00e:867e:fb5d:d1f7:1,2001:1248:3200::/42,MX,lacnic,2008-01-08,"AS11172 - Alestra, S. de R.L. de C.V., MX"
11172,2001:1248:323f:f014:52bb:5157:7c38:510b,2001:1248:3200::/42,MX,lacnic,2008-01-08,"AS11172 - Alestra, S. de R.L. de C.V., MX"
11172,2001:1248:323f:f014:52bb:5157:7c38:510c,2001:1248:3200::/42,MX,lacnic,2008-01-08,"AS11172 - Alestra, S. de R.L. de C.V., MX"
11172,2001:1248:323f:f032:acff:1819:a5b9:310a,2001:1248:3200::/42,MX,lacnic,2008-01-08,"AS11172 - Alestra, S. de R.L. de C.V., MX"
11172,2001:1248:324f::1,2001:1248:3240::/42,MX,lacnic,2008-01-08,"AS11172 - Alestra, S. de R.L. de C.V., MX"
11172,2001:1248:3266::1,2001:1248:3240::/42,MX,lacnic,2008-01-08,"AS11172 - Alestra, S. de R.L. de C.V., MX"
11172,2001:1248:3268::1,2001:1248:3240::/42,MX,lacnic,2008-01-08,"AS11172 - Alestra, S. de R.L. de C.V., MX"
11172,2001:1248:327f:f01a:70ba:5402:1f5:c001,2001:1248:3240::/42,MX,lacnic,2008-01-08,"AS11172 - Alestra, S. de R.L. de C.V., MX"
11172,2001:1248:327f:f01a:70ba:5402:1f5:c10b,2001:1248:3240::/42,MX,lacnic,2008-01-08,"AS11172 - Alestra, S. de R.L. de C.V., MX"
11172,2001:1248:327f:f01c:bc14:68ad:4cb0:be3a,2001:1248:3240::/42,MX,lacnic,2008-01-08,"AS11172 - Alestra, S. de R.L. de C.V., MX"
11172,2001:1248:327f:f026:da3d:1bc8:aa14:b001,2001:1248:3240::/42,MX,lacnic,2008-01-08,"AS11172 - Alestra, S. de R.L. de C.V., MX"
11172,2001:1248:327f:f028:d0e0:4aa9:6d01:5e2a,2001:1248:3240::/42,MX,lacnic,2008-01-08,"AS11172 - Alestra, S. de R.L. de C.V., MX"
11172,2001:1248:327f:f02a:981f:c09f:60a5:6001,2001:1248:3240::/42,MX,lacnic,2008-01-08,"AS11172 - Alestra, S. de R.L. de C.V., MX"
11172,2001:1248:3294::1,2001:1248:3280::/42,MX,lacnic,2008-01-08,"AS11172 - Alestra, S. de R.L. de C.V., MX"
11172,2001:1248:32b5::1,2001:1248:3280::/42,MX,lacnic,2008-01-08,"AS11172 - Alestra, S. de R.L. de C.V., MX"
11172,2001:1248:32bf:f004:dee5:f513:3f95:a001,2001:1248:3280::/42,MX,lacnic,2008-01-08,"AS11172 - Alestra, S. de R.L. de C.V., MX"
11172,2001:1248:32bf:f010:76:61:126:1001,2001:1248:3280::/42,MX,lacnic,2008-01-08,"AS11172 - Alestra, S. de R.L. de C.V., MX"
11172,2001:1248:32bf:f014:442e:2a63:2d26:9001,2001:1248:3280::/42,MX,lacnic,2008-01-08,"AS11172 - Alestra, S. de R.L. de C.V., MX"
11172,2001:1248:32bf:f015:b6b1:38c9:51b4:73ea,2001:1248:3280::/42,MX,lacnic,2008-01-08,"AS11172 - Alestra, S. de R.L. de C.V., MX"
11172,2001:1248:32bf:f015:b6b1:38c9:51b4:73eb,2001:1248:3280::/42,MX,lacnic,2008-01-08,"AS11172 - Alestra, S. de R.L. de C.V., MX"
11172,2001:1248:32bf:f035:e3c:a74e:94be:1001,2001:1248:3280::/42,MX,lacnic,2008-01-08,"AS11172 - Alestra, S. de R.L. de C.V., MX"
11172,2001:1248:32bf:f035:e3c:a74e:94be:110a,2001:1248:3280::/42,MX,lacnic,2008-01-08,"AS11172 - Alestra, S. de R.L. de C.V., MX"
11172,2001:1248:32e9::1,2001:1248:32c0::/42,MX,lacnic,2008-01-08,"AS11172 - Alestra, S. de R.L. de C.V., MX"
11172,2001:1248:32ea::1,2001:1248:32c0::/42,MX,lacnic,2008-01-08,"AS11172 - Alestra, S. de R.L. de C.V., MX"
11172,2001:1248:32f2::1,2001:1248:32c0::/42,MX,lacnic,2008-01-08,"AS11172 - Alestra, S. de R.L. de C.V., MX"
11172,2001:1248:32ff:f029:3893:909d:505:7001,2001:1248:32c0::/42,MX,lacnic,2008-01-08,"AS11172 - Alestra, S. de R.L. de C.V., MX"
11172,2001:1248:32ff:f03b:16b4:2352:fbca:30aa,2001:1248:32c0::/42,MX,lacnic,2008-01-08,"AS11172 - Alestra, S. de R.L. de C.V., MX"
11172,2001:1248:3308::1,2001:1248:3300::/42,MX,lacnic,2008-01-08,"AS11172 - Alestra, S. de R.L. de C.V., MX"
11172,2001:1248:333f:f008:7aea:1b75:46bb:b10a,2001:1248:3300::/42,MX,lacnic,2008-01-08,"AS11172 - Alestra, S. de R.L. de C.V., MX"
11172,2001:1248:338b::1,2001:1248:3380::/42,MX,lacnic,2008-01-08,"AS11172 - Alestra, S. de R.L. de C.V., MX"
11172,2001:1248:33bf:f00b:dfa1:210e:2859:510a,2001:1248:3380::/42,MX,lacnic,2008-01-08,"AS11172 - Alestra, S. de R.L. de C.V., MX"
11172,2001:1248:33cf::1,2001:1248:33c0::/42,MX,lacnic,2008-01-08,"AS11172 - Alestra, S. de R.L. de C.V., MX"
11172,2001:1248:33d6::1,2001:1248:33c0::/42,MX,lacnic,2008-01-08,"AS11172 - Alestra, S. de R.L. de C.V., MX"
11172,2001:1248:366d::1,2001:1248:3640::/42,MX,lacnic,2008-01-08,"AS11172 - Alestra, S. de R.L. de C.V., MX"
11172,2001:1248:36b0::1,2001:1248:36b0::/48,MX,lacnic,2008-01-08,"AS11172 - Alestra, S. de R.L. de C.V., MX"
11172,2001:1248:36b8::1,2001:1248:36b8::/48,MX,lacnic,2008-01-08,"AS11172 - Alestra, S. de R.L. de C.V., MX"
11172,2001:1248:36be::1,2001:1248:36be::/48,MX,lacnic,2008-01-08,"AS11172 - Alestra, S. de R.L. de C.V., MX"
11172,2001:1248:36bf:f030:312e:af61:86b4:ac6b,2001:1248:3680::/42,MX,lacnic,2008-01-08,"AS11172 - Alestra, S. de R.L. de C.V., MX"
11172,2001:1248:36bf:f031:620b:7371:5bd4:817f,2001:1248:3680::/42,MX,lacnic,2008-01-08,"AS11172 - Alestra, S. de R.L. de C.V., MX"
11172,2001:1248:36bf:f038:6da9:8848:a504:8001,2001:1248:3680::/42,MX,lacnic,2008-01-08,"AS11172 - Alestra, S. de R.L. de C.V., MX"
11172,2001:1248:36bf:f03e:e6f8:f71f:a486:1,2001:1248:3680::/42,MX,lacnic,2008-01-08,"AS11172 - Alestra, S. de R.L. de C.V., MX"
11172,2001:1248:3737::1,2001:1248:3700::/42,MX,lacnic,2008-01-08,"AS11172 - Alestra, S. de R.L. de C.V., MX"
11172,2001:1248:373f:f003:1a47:e5f0:bade:110a,2001:1248:3700::/42,MX,lacnic,2008-01-08,"AS11172 - Alestra, S. de R.L. de C.V., MX"
11172,2001:1248:373f:f009:802d:6498:ca5d:d001,2001:1248:3700::/42,MX,lacnic,2008-01-08,"AS11172 - Alestra, S. de R.L. de C.V., MX"
11172,2001:1248:373f:f009:802d:6498:ca5d:d10a,2001:1248:3700::/42,MX,lacnic,2008-01-08,"AS11172 - Alestra, S. de R.L. de C.V., MX"
11172,2001:1248:373f:f00d:3f3:b6b2:df15:810a,2001:1248:3700::/42,MX,lacnic,2008-01-08,"AS11172 - Alestra, S. de R.L. de C.V., MX"
11172,2001:1248:373f:f016:c762:cb21:4fa4:410a,2001:1248:3700::/42,MX,lacnic,2008-01-08,"AS11172 - Alestra, S. de R.L. de C.V., MX"
11172,2001:1248:373f:f02b:fb14:ad19:b877:10a,2001:1248:3700::/42,MX,lacnic,2008-01-08,"AS11172 - Alestra, S. de R.L. de C.V., MX"
11172,2001:1248:373f:f02e:bb8a:992e:ee10:d10a,2001:1248:3700::/42,MX,lacnic,2008-01-08,"AS11172 - Alestra, S. de R.L. de C.V., MX"
11172,2001:1248:373f:f037:70f:7aee:cfaf:310a,2001:1248:3700::/42,MX,lacnic,2008-01-08,"AS11172 - Alestra, S. de R.L. de C.V., MX"
11172,2001:1248:373f:f039:6264:702e:639c:210a,2001:1248:3700::/42,MX,lacnic,2008-01-08,"AS11172 - Alestra, S. de R.L. de C.V., MX"
11172,2001:1248:377f:2c:1373:6fd5:a659:810a,2001:1248:3740::/42,MX,lacnic,2008-01-08,"AS11172 - Alestra, S. de R.L. de C.V., MX"
11172,2001:1248:377f:5:d8a4:d1e0:75c2:310a,2001:1248:3740::/42,MX,lacnic,2008-01-08,"AS11172 - Alestra, S. de R.L. de C.V., MX"
11172,2001:1248:377f:6:f1a3:5494:dbe1:d10a,2001:1248:3740::/42,MX,lacnic,2008-01-08,"AS11172 - Alestra, S. de R.L. de C.V., MX"
11172,2001:1248:377f:d:31ca:2a7a:2d35:c001,2001:1248:3740::/42,MX,lacnic,2008-01-08,"AS11172 - Alestra, S. de R.L. de C.V., MX"
11172,2001:1248:377f:d:31ca:2a7a:2d35:c10a,2001:1248:3740::/42,MX,lacnic,2008-01-08,"AS11172 - Alestra, S. de R.L. de C.V., MX"
11172,2001:1248:3786::1,2001:1248:3780::/42,MX,lacnic,2008-01-08,"AS11172 - Alestra, S. de R.L. de C.V., MX"
11172,2001:1248:37ff:f024:144e:5b0e:eb6d:f10a,2001:1248:37c0::/42,MX,lacnic,2008-01-08,"AS11172 - Alestra, S. de R.L. de C.V., MX"
11172,2001:1248:3923::1,2001:1248:3900::/42,MX,lacnic,2008-01-08,"AS11172 - Alestra, S. de R.L. de C.V., MX"
11172,2001:1248:3930::1,2001:1248:3900::/42,MX,lacnic,2008-01-08,"AS11172 - Alestra, S. de R.L. de C.V., MX"
11172,2001:1248:393f:f01e:b889:d6ff:b4f1:e001,2001:1248:3900::/42,MX,lacnic,2008-01-08,"AS11172 - Alestra, S. de R.L. de C.V., MX"
11172,2001:1248:393f:f01e:b889:d6ff:b4f1:e10a,2001:1248:3900::/42,MX,lacnic,2008-01-08,"AS11172 - Alestra, S. de R.L. de C.V., MX"
11172,2001:1248:393f:f030:5c55:ee8f:c00e:e001,2001:1248:3900::/42,MX,lacnic,2008-01-08,"AS11172 - Alestra, S. de R.L. de C.V., MX"
11172,2001:1248:393f:f035:297b:1745:726f:db7a,2001:1248:3900::/42,MX,lacnic,2008-01-08,"AS11172 - Alestra, S. de R.L. de C.V., MX"
11172,2001:1248:393f:f035:297b:1745:726f:db7b,2001:1248:3900::/42,MX,lacnic,2008-01-08,"AS11172 - Alestra, S. de R.L. de C.V., MX"
11172,2001:1248:3954::1,2001:1248:3940::/42,MX,lacnic,2008-01-08,"AS11172 - Alestra, S. de R.L. de C.V., MX"
11172,2001:1248:397f:f014:4bdc:d7a3:7812:c00b,2001:1248:3940::/42,MX,lacnic,2008-01-08,"AS11172 - Alestra, S. de R.L. de C.V., MX"
11172,2001:1248:397f:f026:c9dd:6971:fee5:679a,2001:1248:3940::/42,MX,lacnic,2008-01-08,"AS11172 - Alestra, S. de R.L. de C.V., MX"
11172,2001:1248:397f:f026:c9dd:6971:fee5:679b,2001:1248:3940::/42,MX,lacnic,2008-01-08,"AS11172 - Alestra, S. de R.L. de C.V., MX"
11172,2001:1248:3:182f:ff:ff00:c997:1974,2001:1248:3::/48,MX,lacnic,2008-01-08,"AS11172 - Alestra, S. de R.L. de C.V., MX"
11172,2001:1248:3:18ff:ff:ff01:c8bc:3e01,2001:1248:3::/48,MX,lacnic,2008-01-08,"AS11172 - Alestra, S. de R.L. de C.V., MX"
11172,2001:1248:3a12::1,2001:1248:3a12::/48,MX,lacnic,2008-01-08,"AS11172 - Alestra, S. de R.L. de C.V., MX"
11172,2001:1248:3a14::1,2001:1248:3a14::/48,MX,lacnic,2008-01-08,"AS11172 - Alestra, S. de R.L. de C.V., MX"
11172,2001:1248:3a15::1,2001:1248:3a15::/48,MX,lacnic,2008-01-08,"AS11172 - Alestra, S. de R.L. de C.V., MX"
11172,2001:1248:3a2b::1,2001:1248:3a2b::/48,MX,lacnic,2008-01-08,"AS11172 - Alestra, S. de R.L. de C.V., MX"
11172,2001:1248:3a38::1,2001:1248:3a38::/48,MX,lacnic,2008-01-08,"AS11172 - Alestra, S. de R.L. de C.V., MX"
11172,2001:1248:3a3f:f005:73fc:914c:f10f:8001,2001:1248:3a00::/42,MX,lacnic,2008-01-08,"AS11172 - Alestra, S. de R.L. de C.V., MX"
11172,2001:1248:3a3f:f005:73fc:914c:f10f:810a,2001:1248:3a00::/42,MX,lacnic,2008-01-08,"AS11172 - Alestra, S. de R.L. de C.V., MX"
11172,2001:1248:3a3f:f012:4d6d:2188:982d:f001,2001:1248:3a00::/42,MX,lacnic,2008-01-08,"AS11172 - Alestra, S. de R.L. de C.V., MX"
11172,2001:1248:3a3f:f014:b4a1:9465:5be5:c001,2001:1248:3a00::/42,MX,lacnic,2008-01-08,"AS11172 - Alestra, S. de R.L. de C.V., MX"
11172,2001:1248:3a3f:f015:a0b1:b66:7b47:f001,2001:1248:3a00::/42,MX,lacnic,2008-01-08,"AS11172 - Alestra, S. de R.L. de C.V., MX"
11172,2001:1248:3a3f:f015:a0b1:b66:7b47:f10a,2001:1248:3a00::/42,MX,lacnic,2008-01-08,"AS11172 - Alestra, S. de R.L. de C.V., MX"
11172,2001:1248:3a3f:f02b:8d84:3ea4:1ac8:5001,2001:1248:3a00::/42,MX,lacnic,2008-01-08,"AS11172 - Alestra, S. de R.L. de C.V., MX"
11172,2001:1248:3a3f:f02b:8d84:3ea4:1ac8:510a,2001:1248:3a00::/42,MX,lacnic,2008-01-08,"AS11172 - Alestra, S. de R.L. de C.V., MX"
11172,2001:1248:3a3f:f02f:3048:5efb:b136:710a,2001:1248:3a00::/42,MX,lacnic,2008-01-08,"AS11172 - Alestra, S. de R.L. de C.V., MX"
11172,2001:1248:3a3f:f038:3ebd:1171:685f:d001,2001:1248:3a00::/42,MX,lacnic,2008-01-08,"AS11172 - Alestra, S. de R.L. de C.V., MX"
11172,2001:1248:3a3f:f03b:d913:776b:7ab0:4001,2001:1248:3a00::/42,MX,lacnic,2008-01-08,"AS11172 - Alestra, S. de R.L. de C.V., MX"
11172,2001:1248:3a3f:f03b:d913:776b:7ab0:410a,2001:1248:3a00::/42,MX,lacnic,2008-01-08,"AS11172 - Alestra, S. de R.L. de C.V., MX"
11172,2001:1248:3a43::1,2001:1248:3a43::/48,MX,lacnic,2008-01-08,"AS11172 - Alestra, S. de R.L. de C.V., MX"
11172,2001:1248:3a44::1,2001:1248:3a44::/48,MX,lacnic,2008-01-08,"AS11172 - Alestra, S. de R.L. de C.V., MX"
11172,2001:1248:3a53::1,2001:1248:3a53::/48,MX,lacnic,2008-01-08,"AS11172 - Alestra, S. de R.L. de C.V., MX"
11172,2001:1248:3a64::1,2001:1248:3a64::/48,MX,lacnic,2008-01-08,"AS11172 - Alestra, S. de R.L. de C.V., MX"
11172,2001:1248:3a6f::1,2001:1248:3a6f::/48,MX,lacnic,2008-01-08,"AS11172 - Alestra, S. de R.L. de C.V., MX"
11172,2001:1248:3a72::1,2001:1248:3a72::/48,MX,lacnic,2008-01-08,"AS11172 - Alestra, S. de R.L. de C.V., MX"
11172,2001:1248:3a7f:13:7ea0:2a7:72d5:a001,2001:1248:3a40::/42,MX,lacnic,2008-01-08,"AS11172 - Alestra, S. de R.L. de C.V., MX"
11172,2001:1248:3a7f:13:7ea0:2a7:72d5:a10a,2001:1248:3a40::/42,MX,lacnic,2008-01-08,"AS11172 - Alestra, S. de R.L. de C.V., MX"
11172,2001:1248:3a7f:24:4f8e:615e:442d:110a,2001:1248:3a40::/42,MX,lacnic,2008-01-08,"AS11172 - Alestra, S. de R.L. de C.V., MX"
11172,2001:1248:3a7f:2f:2ed6:aea0:bbef:8001,2001:1248:3a40::/42,MX,lacnic,2008-01-08,"AS11172 - Alestra, S. de R.L. de C.V., MX"
11172,2001:1248:3a7f:32:fcaa:d347:1f79:3001,2001:1248:3a40::/42,MX,lacnic,2008-01-08,"AS11172 - Alestra, S. de R.L. de C.V., MX"
11172,2001:1248:3a7f:32:fcaa:d347:1f79:310a,2001:1248:3a40::/42,MX,lacnic,2008-01-08,"AS11172 - Alestra, S. de R.L. de C.V., MX"
11172,2001:1248:3a7f:3:fd93:b860:cabb:7001,2001:1248:3a40::/42,MX,lacnic,2008-01-08,"AS11172 - Alestra, S. de R.L. de C.V., MX"
11172,2001:1248:3a7f:4:d908:6aa6:af70:5001,2001:1248:3a40::/42,MX,lacnic,2008-01-08,"AS11172 - Alestra, S. de R.L. de C.V., MX"
11172,2001:1248:3a84::1,2001:1248:3a84::/48,MX,lacnic,2008-01-08,"AS11172 - Alestra, S. de R.L. de C.V., MX"
11172,2001:1248:3abb::1,2001:1248:3abb::/48,MX,lacnic,2008-01-08,"AS11172 - Alestra, S. de R.L. de C.V., MX"
11172,2001:1248:3abf:3b:f0c9:dec6:4a07:110a,2001:1248:3a80::/42,MX,lacnic,2008-01-08,"AS11172 - Alestra, S. de R.L. de C.V., MX"
11172,2001:1248:3abf:4:4a27:342a:134:310a,2001:1248:3a80::/42,MX,lacnic,2008-01-08,"AS11172 - Alestra, S. de R.L. de C.V., MX"
11172,2001:1248:3b44::1,2001:1248:3b44::/48,MX,lacnic,2008-01-08,"AS11172 - Alestra, S. de R.L. de C.V., MX"
11172,2001:1248:3b5e::1,2001:1248:3b5e::/48,MX,lacnic,2008-01-08,"AS11172 - Alestra, S. de R.L. de C.V., MX"
11172,2001:1248:3b7f:1e:d539:54a7:df30:310a,2001:1248:3b40::/42,MX,lacnic,2008-01-08,"AS11172 - Alestra, S. de R.L. de C.V., MX"
11172,2001:1248:3b7f:2f:db2b:b311:fe4b:6001,2001:1248:3b40::/42,MX,lacnic,2008-01-08,"AS11172 - Alestra, S. de R.L. de C.V., MX"
11172,2001:1248:3b7f:2f:db2b:b311:fe4b:610a,2001:1248:3b40::/42,MX,lacnic,2008-01-08,"AS11172 - Alestra, S. de R.L. de C.V., MX"
11172,2001:1248:3b7f:4:d797:7c08:a5c3:d001,2001:1248:3b40::/42,MX,lacnic,2008-01-08,"AS11172 - Alestra, S. de R.L. de C.V., MX"
11172,2001:1248:3b7f:4:d797:7c08:a5c3:d10a,2001:1248:3b40::/42,MX,lacnic,2008-01-08,"AS11172 - Alestra, S. de R.L. de C.V., MX"
11172,2001:1248:3b7f:e:40df:590e:75e1:5001,2001:1248:3b40::/42,MX,lacnic,2008-01-08,"AS11172 - Alestra, S. de R.L. de C.V., MX"
11172,2001:1248:3b7f:e:40df:590e:75e1:510a,2001:1248:3b40::/42,MX,lacnic,2008-01-08,"AS11172 - Alestra, S. de R.L. de C.V., MX"
11172,2001:1248:3b82::1,2001:1248:3b82::/48,MX,lacnic,2008-01-08,"AS11172 - Alestra, S. de R.L. de C.V., MX"
11172,2001:1248:3ba8::1,2001:1248:3ba8::/48,MX,lacnic,2008-01-08,"AS11172 - Alestra, S. de R.L. de C.V., MX"
11172,2001:1248:3bbf:f002:b4fe:8431:2f66:b001,2001:1248:3b80::/42,MX,lacnic,2008-01-08,"AS11172 - Alestra, S. de R.L. de C.V., MX"
11172,2001:1248:3bbf:f002:b4fe:8431:2f66:b10a,2001:1248:3b80::/42,MX,lacnic,2008-01-08,"AS11172 - Alestra, S. de R.L. de C.V., MX"
11172,2001:1248:3bbf:f028:636c:b4b2:6a50:2001,2001:1248:3b80::/42,MX,lacnic,2008-01-08,"AS11172 - Alestra, S. de R.L. de C.V., MX"
11172,2001:1248:3bbf:f028:636c:b4b2:6a50:210a,2001:1248:3b80::/42,MX,lacnic,2008-01-08,"AS11172 - Alestra, S. de R.L. de C.V., MX"
11172,2001:1248:3bec::1,2001:1248:3bec::/48,MX,lacnic,2008-01-08,"AS11172 - Alestra, S. de R.L. de C.V., MX"
11172,2001:1248:3bff:f02c:2c27:b856:4d80:910a,2001:1248:3bc0::/42,MX,lacnic,2008-01-08,"AS11172 - Alestra, S. de R.L. de C.V., MX"
11172,2001:1248:400e::1,2001:1248:4000::/42,MX,lacnic,2008-01-08,"AS11172 - Alestra, S. de R.L. de C.V., MX"
11172,2001:1248:400f::1,2001:1248:4000::/42,MX,lacnic,2008-01-08,"AS11172 - Alestra, S. de R.L. de C.V., MX"
11172,2001:1248:4010::1,2001:1248:4000::/42,MX,lacnic,2008-01-08,"AS11172 - Alestra, S. de R.L. de C.V., MX"
11172,2001:1248:4012::1,2001:1248:4000::/42,MX,lacnic,2008-01-08,"AS11172 - Alestra, S. de R.L. de C.V., MX"
11172,2001:1248:4013::1,2001:1248:4000::/42,MX,lacnic,2008-01-08,"AS11172 - Alestra, S. de R.L. de C.V., MX"
11172,2001:1248:4014::1,2001:1248:4000::/42,MX,lacnic,2008-01-08,"AS11172 - Alestra, S. de R.L. de C.V., MX"
11172,2001:1248:4019::1,2001:1248:4000::/42,MX,lacnic,2008-01-08,"AS11172 - Alestra, S. de R.L. de C.V., MX"
11172,2001:1248:401a::1,2001:1248:4000::/42,MX,lacnic,2008-01-08,"AS11172 - Alestra, S. de R.L. de C.V., MX"
11172,2001:1248:401f::1,2001:1248:4000::/42,MX,lacnic,2008-01-08,"AS11172 - Alestra, S. de R.L. de C.V., MX"
11172,2001:1248:4027::1,2001:1248:4000::/42,MX,lacnic,2008-01-08,"AS11172 - Alestra, S. de R.L. de C.V., MX"
11172,2001:1248:402a::1,2001:1248:4000::/42,MX,lacnic,2008-01-08,"AS11172 - Alestra, S. de R.L. de C.V., MX"
11172,2001:1248:4034::1,2001:1248:4000::/42,MX,lacnic,2008-01-08,"AS11172 - Alestra, S. de R.L. de C.V., MX"
11172,2001:1248:403e::1,2001:1248:4000::/42,MX,lacnic,2008-01-08,"AS11172 - Alestra, S. de R.L. de C.V., MX"
11172,2001:1248:403f:f000:6f7c:b67e:744e:a10b,2001:1248:4000::/42,MX,lacnic,2008-01-08,"AS11172 - Alestra, S. de R.L. de C.V., MX"
11172,2001:1248:403f:f005:bd63:c605:3483:610a,2001:1248:4000::/42,MX,lacnic,2008-01-08,"AS11172 - Alestra, S. de R.L. de C.V., MX"
11172,2001:1248:403f:f00e:71d5:f98a:a7fe:c001,2001:1248:4000::/42,MX,lacnic,2008-01-08,"AS11172 - Alestra, S. de R.L. de C.V., MX"
11172,2001:1248:403f:f00f:80e:1b2b:7969:8001,2001:1248:4000::/42,MX,lacnic,2008-01-08,"AS11172 - Alestra, S. de R.L. de C.V., MX"
11172,2001:1248:403f:f010:22ca:8f5a:2fd0:d001,2001:1248:4000::/42,MX,lacnic,2008-01-08,"AS11172 - Alestra, S. de R.L. de C.V., MX"
11172,2001:1248:403f:f013:8bbe:753f:30e2:a001,2001:1248:4000::/42,MX,lacnic,2008-01-08,"AS11172 - Alestra, S. de R.L. de C.V., MX"
11172,2001:1248:403f:f014:fa8:815:b2f5:a001,2001:1248:4000::/42,MX,lacnic,2008-01-08,"AS11172 - Alestra, S. de R.L. de C.V., MX"
11172,2001:1248:403f:f019:c38c:aba8:50e6:d001,2001:1248:4000::/42,MX,lacnic,2008-01-08,"AS11172 - Alestra, S. de R.L. de C.V., MX"
11172,2001:1248:403f:f01f:d862:e186:ecd3:1,2001:1248:4000::/42,MX,lacnic,2008-01-08,"AS11172 - Alestra, S. de R.L. de C.V., MX"
11172,2001:1248:403f:f026:f57b:c3f2:1b46:3001,2001:1248:4000::/42,MX,lacnic,2008-01-08,"AS11172 - Alestra, S. de R.L. de C.V., MX"
11172,2001:1248:403f:f027:be48:73e3:25cc:1001,2001:1248:4000::/42,MX,lacnic,2008-01-08,"AS11172 - Alestra, S. de R.L. de C.V., MX"
11172,2001:1248:403f:f02a:c16a:2dda:2ea8:b001,2001:1248:4000::/42,MX,lacnic,2008-01-08,"AS11172 - Alestra, S. de R.L. de C.V., MX"
11172,2001:1248:403f:f034:984e:e068:1392:f10a,2001:1248:4000::/42,MX,lacnic,2008-01-08,"AS11172 - Alestra, S. de R.L. de C.V., MX"
11172,2001:1248:403f:f03b:f290:c438:a378:7c1a,2001:1248:4000::/42,MX,lacnic,2008-01-08,"AS11172 - Alestra, S. de R.L. de C.V., MX"
11172,2001:1248:403f:f03b:f290:c438:a378:7c1b,2001:1248:4000::/42,MX,lacnic,2008-01-08,"AS11172 - Alestra, S. de R.L. de C.V., MX"
11172,2001:1248:4043::1,2001:1248:4040::/42,MX,lacnic,2008-01-08,"AS11172 - Alestra, S. de R.L. de C.V., MX"
11172,2001:1248:404c::1,2001:1248:4040::/42,MX,lacnic,2008-01-08,"AS11172 - Alestra, S. de R.L. de C.V., MX"
11172,2001:1248:4052::1,2001:1248:4040::/42,MX,lacnic,2008-01-08,"AS11172 - Alestra, S. de R.L. de C.V., MX"
11172,2001:1248:4055::1,2001:1248:4040::/42,MX,lacnic,2008-01-08,"AS11172 - Alestra, S. de R.L. de C.V., MX"
11172,2001:1248:4056::1,2001:1248:4040::/42,MX,lacnic,2008-01-08,"AS11172 - Alestra, S. de R.L. de C.V., MX"
11172,2001:1248:4057::1,2001:1248:4040::/42,MX,lacnic,2008-01-08,"AS11172 - Alestra, S. de R.L. de C.V., MX"
11172,2001:1248:405d::1,2001:1248:4040::/42,MX,lacnic,2008-01-08,"AS11172 - Alestra, S. de R.L. de C.V., MX"
11172,2001:1248:4061::1,2001:1248:4040::/42,MX,lacnic,2008-01-08,"AS11172 - Alestra, S. de R.L. de C.V., MX"
11172,2001:1248:4062::1,2001:1248:4040::/42,MX,lacnic,2008-01-08,"AS11172 - Alestra, S. de R.L. de C.V., MX"
11172,2001:1248:4063::1,2001:1248:4040::/42,MX,lacnic,2008-01-08,"AS11172 - Alestra, S. de R.L. de C.V., MX"
11172,2001:1248:4066::1,2001:1248:4040::/42,MX,lacnic,2008-01-08,"AS11172 - Alestra, S. de R.L. de C.V., MX"
11172,2001:1248:406a::1,2001:1248:4040::/42,MX,lacnic,2008-01-08,"AS11172 - Alestra, S. de R.L. de C.V., MX"
11172,2001:1248:406b::1,2001:1248:4040::/42,MX,lacnic,2008-01-08,"AS11172 - Alestra, S. de R.L. de C.V., MX"
11172,2001:1248:406c::1,2001:1248:4040::/42,MX,lacnic,2008-01-08,"AS11172 - Alestra, S. de R.L. de C.V., MX"
11172,2001:1248:4075::1,2001:1248:4040::/42,MX,lacnic,2008-01-08,"AS11172 - Alestra, S. de R.L. de C.V., MX"
11172,2001:1248:407e::1,2001:1248:4040::/42,MX,lacnic,2008-01-08,"AS11172 - Alestra, S. de R.L. de C.V., MX"
11172,2001:1248:407f:f003:f5ac:d4e7:3cce:6001,2001:1248:4040::/42,MX,lacnic,2008-01-08,"AS11172 - Alestra, S. de R.L. de C.V., MX"
11172,2001:1248:407f:f009:3a2e:f0dd:2d1a:1,2001:1248:4040::/42,MX,lacnic,2008-01-08,"AS11172 - Alestra, S. de R.L. de C.V., MX"
11172,2001:1248:407f:f012:9340:d527:7c8e:8001,2001:1248:4040::/42,MX,lacnic,2008-01-08,"AS11172 - Alestra, S. de R.L. de C.V., MX"
11172,2001:1248:407f:f014:2296:358a:ab3e:9001,2001:1248:4040::/42,MX,lacnic,2008-01-08,"AS11172 - Alestra, S. de R.L. de C.V., MX"
11172,2001:1248:407f:f016:c068:96b5:58f5:a001,2001:1248:4040::/42,MX,lacnic,2008-01-08,"AS11172 - Alestra, S. de R.L. de C.V., MX"
11172,2001:1248:407f:f017:2f4d:a71f:32e5:8001,2001:1248:4040::/42,MX,lacnic,2008-01-08,"AS11172 - Alestra, S. de R.L. de C.V., MX"
11172,2001:1248:407f:f019:f3c2:5a71:568a:410a,2001:1248:4040::/42,MX,lacnic,2008-01-08,"AS11172 - Alestra, S. de R.L. de C.V., MX"
11172,2001:1248:407f:f01d:2dcd:7e9a:9a3f:1,2001:1248:4040::/42,MX,lacnic,2008-01-08,"AS11172 - Alestra, S. de R.L. de C.V., MX"
11172,2001:1248:407f:f01e:356f:dfc0:2bf2:b001,2001:1248:4040::/42,MX,lacnic,2008-01-08,"AS11172 - Alestra, S. de R.L. de C.V., MX"
11172,2001:1248:407f:f01f:37f4:536c:a7b1:af0a,2001:1248:4040::/42,MX,lacnic,2008-01-08,"AS11172 - Alestra, S. de R.L. de C.V., MX"
11172,2001:1248:407f:f021:5901:a5f4:5a2b:c001,2001:1248:4040::/42,MX,lacnic,2008-01-08,"AS11172 - Alestra, S. de R.L. de C.V., MX"
11172,2001:1248:407f:f022:bc4e:69f8:2016:d001,2001:1248:4040::/42,MX,lacnic,2008-01-08,"AS11172 - Alestra, S. de R.L. de C.V., MX"
11172,2001:1248:407f:f023:1c31:1573:3413:6001,2001:1248:4040::/42,MX,lacnic,2008-01-08,"AS11172 - Alestra, S. de R.L. de C.V., MX"
11172,2001:1248:407f:f02f:6957:d07a:a7a4:a001,2001:1248:4040::/42,MX,lacnic,2008-01-08,"AS11172 - Alestra, S. de R.L. de C.V., MX"
11172,2001:1248:407f:f035:a00a:52bf:9a37:9001,2001:1248:4040::/42,MX,lacnic,2008-01-08,"AS11172 - Alestra, S. de R.L. de C.V., MX"
11172,2001:1248:4090::1,2001:1248:4080::/42,MX,lacnic,2008-01-08,"AS11172 - Alestra, S. de R.L. de C.V., MX"
11172,2001:1248:4091::1,2001:1248:4080::/42,MX,lacnic,2008-01-08,"AS11172 - Alestra, S. de R.L. de C.V., MX"
11172,2001:1248:4093::1,2001:1248:4080::/42,MX,lacnic,2008-01-08,"AS11172 - Alestra, S. de R.L. de C.V., MX"
11172,2001:1248:409b::1,2001:1248:4080::/42,MX,lacnic,2008-01-08,"AS11172 - Alestra, S. de R.L. de C.V., MX"
11172,2001:1248:40a1::1,2001:1248:4080::/42,MX,lacnic,2008-01-08,"AS11172 - Alestra, S. de R.L. de C.V., MX"
11172,2001:1248:40a2::1,2001:1248:4080::/42,MX,lacnic,2008-01-08,"AS11172 - Alestra, S. de R.L. de C.V., MX"
11172,2001:1248:40a3::1,2001:1248:4080::/42,MX,lacnic,2008-01-08,"AS11172 - Alestra, S. de R.L. de C.V., MX"
11172,2001:1248:40a6::1,2001:1248:4080::/42,MX,lacnic,2008-01-08,"AS11172 - Alestra, S. de R.L. de C.V., MX"
11172,2001:1248:40a8::1,2001:1248:4080::/42,MX,lacnic,2008-01-08,"AS11172 - Alestra, S. de R.L. de C.V., MX"
11172,2001:1248:40b0::1,2001:1248:4080::/42,MX,lacnic,2008-01-08,"AS11172 - Alestra, S. de R.L. de C.V., MX"
11172,2001:1248:40bf:f004:c2d4:c735:efee:7001,2001:1248:4080::/42,MX,lacnic,2008-01-08,"AS11172 - Alestra, S. de R.L. de C.V., MX"
11172,2001:1248:40bf:f004:c2d4:c735:efee:710a,2001:1248:4080::/42,MX,lacnic,2008-01-08,"AS11172 - Alestra, S. de R.L. de C.V., MX"
11172,2001:1248:40bf:f00d:e025:3d95:c4c3:4001,2001:1248:4080::/42,MX,lacnic,2008-01-08,"AS11172 - Alestra, S. de R.L. de C.V., MX"
11172,2001:1248:40bf:f011:7ad8:184d:4403:4001,2001:1248:4080::/42,MX,lacnic,2008-01-08,"AS11172 - Alestra, S. de R.L. de C.V., MX"
11172,2001:1248:40bf:f01b:3691:1d14:9a69:b001,2001:1248:4080::/42,MX,lacnic,2008-01-08,"AS11172 - Alestra, S. de R.L. de C.V., MX"
11172,2001:1248:40bf:f01e:5263:5b79:5150:1001,2001:1248:4080::/42,MX,lacnic,2008-01-08,"AS11172 - Alestra, S. de R.L. de C.V., MX"
11172,2001:1248:40bf:f01e:5263:5b79:5150:110a,2001:1248:4080::/42,MX,lacnic,2008-01-08,"AS11172 - Alestra, S. de R.L. de C.V., MX"
11172,2001:1248:40bf:f022:8aa2:9547:c51:8001,2001:1248:4080::/42,MX,lacnic,2008-01-08,"AS11172 - Alestra, S. de R.L. de C.V., MX"
11172,2001:1248:40bf:f023:ad4b:b100:580b:d001,2001:1248:4080::/42,MX,lacnic,2008-01-08,"AS11172 - Alestra, S. de R.L. de C.V., MX"
11172,2001:1248:40bf:f028:9a0c:6c33:7418:c001,2001:1248:4080::/42,MX,lacnic,2008-01-08,"AS11172 - Alestra, S. de R.L. de C.V., MX"
11172,2001:1248:40bf:f02d:4c3c:12c9:25b9:410a,2001:1248:4080::/42,MX,lacnic,2008-01-08,"AS11172 - Alestra, S. de R.L. de C.V., MX"
11172,2001:1248:40bf:f030:a412:a7e0:27b4:a001,2001:1248:4080::/42,MX,lacnic,2008-01-08,"AS11172 - Alestra, S. de R.L. de C.V., MX"
11172,2001:1248:40c9::1,2001:1248:40c0::/42,MX,lacnic,2008-01-08,"AS11172 - Alestra, S. de R.L. de C.V., MX"
11172,2001:1248:40d4::1,2001:1248:40c0::/42,MX,lacnic,2008-01-08,"AS11172 - Alestra, S. de R.L. de C.V., MX"
11172,2001:1248:40d5::1,2001:1248:40c0::/42,MX,lacnic,2008-01-08,"AS11172 - Alestra, S. de R.L. de C.V., MX"
11172,2001:1248:40e1::1,2001:1248:40c0::/42,MX,lacnic,2008-01-08,"AS11172 - Alestra, S. de R.L. de C.V., MX"
11172,2001:1248:40e5::1,2001:1248:40c0::/42,MX,lacnic,2008-01-08,"AS11172 - Alestra, S. de R.L. de C.V., MX"
11172,2001:1248:40f0::1,2001:1248:40c0::/42,MX,lacnic,2008-01-08,"AS11172 - Alestra, S. de R.L. de C.V., MX"
11172,2001:1248:40fb::1,2001:1248:40c0::/42,MX,lacnic,2008-01-08,"AS11172 - Alestra, S. de R.L. de C.V., MX"
11172,2001:1248:40ff:f000:ad25:69c9:2f5b:d10a,2001:1248:40c0::/42,MX,lacnic,2008-01-08,"AS11172 - Alestra, S. de R.L. de C.V., MX"
11172,2001:1248:40ff:f000:ad25:69c9:2f5b:d10b,2001:1248:40c0::/42,MX,lacnic,2008-01-08,"AS11172 - Alestra, S. de R.L. de C.V., MX"
11172,2001:1248:40ff:f009:b1db:1a3f:bbbe:8001,2001:1248:40c0::/42,MX,lacnic,2008-01-08,"AS11172 - Alestra, S. de R.L. de C.V., MX"
11172,2001:1248:40ff:f014:da59:8621:8741:1001,2001:1248:40c0::/42,MX,lacnic,2008-01-08,"AS11172 - Alestra, S. de R.L. de C.V., MX"
11172,2001:1248:40ff:f015:9b63:16b2:c1c1:d001,2001:1248:40c0::/42,MX,lacnic,2008-01-08,"AS11172 - Alestra, S. de R.L. de C.V., MX"
11172,2001:1248:40ff:f015:9b63:16b2:c1c1:d10a,2001:1248:40c0::/42,MX,lacnic,2008-01-08,"AS11172 - Alestra, S. de R.L. de C.V., MX"
11172,2001:1248:40ff:f025:50e:c172:c3d2:6001,2001:1248:40c0::/42,MX,lacnic,2008-01-08,"AS11172 - Alestra, S. de R.L. de C.V., MX"
11172,2001:1248:40ff:f030:e66e:ec63:7067:f001,2001:1248:40c0::/42,MX,lacnic,2008-01-08,"AS11172 - Alestra, S. de R.L. de C.V., MX"
11172,2001:1248:40ff:f03b:66ff:f023:25e6:1,2001:1248:40c0::/42,MX,lacnic,2008-01-08,"AS11172 - Alestra, S. de R.L. de C.V., MX"
11172,2001:1248:423f:f000:82fd:4440:13de:ad1a,2001:1248:4200::/42,MX,lacnic,2008-01-08,"AS11172 - Alestra, S. de R.L. de C.V., MX"
11172,2001:1248:423f:f003:4a14:8795:570b:2d0a,2001:1248:4200::/42,MX,lacnic,2008-01-08,"AS11172 - Alestra, S. de R.L. de C.V., MX"
11172,2001:1248:423f:f004:3061:2194:452a:e10a,2001:1248:4200::/42,MX,lacnic,2008-01-08,"AS11172 - Alestra, S. de R.L. de C.V., MX"
11172,2001:1248:423f:f005:52ff:e63d:4c2:910a,2001:1248:4200::/42,MX,lacnic,2008-01-08,"AS11172 - Alestra, S. de R.L. de C.V., MX"
11172,2001:1248:423f:f009:86aa:305f:e265:f10a,2001:1248:4200::/42,MX,lacnic,2008-01-08,"AS11172 - Alestra, S. de R.L. de C.V., MX"
11172,2001:1248:423f:f00b:9a3:33c1:52cd:810a,2001:1248:4200::/42,MX,lacnic,2008-01-08,"AS11172 - Alestra, S. de R.L. de C.V., MX"
11172,2001:1248:423f:f00d:7fea:f274:7183:10a,2001:1248:4200::/42,MX,lacnic,2008-01-08,"AS11172 - Alestra, S. de R.L. de C.V., MX"
11172,2001:1248:423f:f011:f706:8e13:f87f:110a,2001:1248:4200::/42,MX,lacnic,2008-01-08,"AS11172 - Alestra, S. de R.L. de C.V., MX"
11172,2001:1248:423f:f012:c4b1:340f:d577:f22a,2001:1248:4200::/42,MX,lacnic,2008-01-08,"AS11172 - Alestra, S. de R.L. de C.V., MX"
11172,2001:1248:423f:f013:94b5:f9d3:5076:610a,2001:1248:4200::/42,MX,lacnic,2008-01-08,"AS11172 - Alestra, S. de R.L. de C.V., MX"
11172,2001:1248:423f:f014:d6ba:2736:9d06:110a,2001:1248:4200::/42,MX,lacnic,2008-01-08,"AS11172 - Alestra, S. de R.L. de C.V., MX"
11172,2001:1248:423f:f017:b5c9:b885:cf7a:10a,2001:1248:4200::/42,MX,lacnic,2008-01-08,"AS11172 - Alestra, S. de R.L. de C.V., MX"
11172,2001:1248:423f:f01a:b621:364d:c6ae:515a,2001:1248:4200::/42,MX,lacnic,2008-01-08,"AS11172 - Alestra, S. de R.L. de C.V., MX"
11172,2001:1248:423f:f01b:6255:3a54:37a5:b2aa,2001:1248:4200::/42,MX,lacnic,2008-01-08,"AS11172 - Alestra, S. de R.L. de C.V., MX"
11172,2001:1248:423f:f01c:5645:47c5:97f4:c10a,2001:1248:4200::/42,MX,lacnic,2008-01-08,"AS11172 - Alestra, S. de R.L. de C.V., MX"
11172,2001:1248:423f:f01e:488e:c399:62ed:610a,2001:1248:4200::/42,MX,lacnic,2008-01-08,"AS11172 - Alestra, S. de R.L. de C.V., MX"
11172,2001:1248:423f:f01f:ae09:71c9:c754:610a,2001:1248:4200::/42,MX,lacnic,2008-01-08,"AS11172 - Alestra, S. de R.L. de C.V., MX"
11172,2001:1248:423f:f020:e858:a5e9:d89:1c8a,2001:1248:4200::/42,MX,lacnic,2008-01-08,"AS11172 - Alestra, S. de R.L. de C.V., MX"
11172,2001:1248:423f:f023:257:f393:a2a:210a,2001:1248:4200::/42,MX,lacnic,2008-01-08,"AS11172 - Alestra, S. de R.L. de C.V., MX"
11172,2001:1248:423f:f024:3046:5c20:2e1b:d10a,2001:1248:4200::/42,MX,lacnic,2008-01-08,"AS11172 - Alestra, S. de R.L. de C.V., MX"
11172,2001:1248:423f:f025:fb23:e0e8:4626:210a,2001:1248:4200::/42,MX,lacnic,2008-01-08,"AS11172 - Alestra, S. de R.L. de C.V., MX"
11172,2001:1248:423f:f027:6abb:9e99:a4d4:910a,2001:1248:4200::/42,MX,lacnic,2008-01-08,"AS11172 - Alestra, S. de R.L. de C.V., MX"
11172,2001:1248:423f:f02c:90db:9918:817b:d3fa,2001:1248:4200::/42,MX,lacnic,2008-01-08,"AS11172 - Alestra, S. de R.L. de C.V., MX"
11172,2001:1248:423f:f030:940b:d38e:4be1:f69a,2001:1248:4200::/42,MX,lacnic,2008-01-08,"AS11172 - Alestra, S. de R.L. de C.V., MX"
11172,2001:1248:4300::1,2001:1248:4300::/42,MX,lacnic,2008-01-08,"AS11172 - Alestra, S. de R.L. de C.V., MX"
11172,2001:1248:4304::1,2001:1248:4300::/42,MX,lacnic,2008-01-08,"AS11172 - Alestra, S. de R.L. de C.V., MX"
11172,2001:1248:4305::1,2001:1248:4300::/42,MX,lacnic,2008-01-08,"AS11172 - Alestra, S. de R.L. de C.V., MX"
11172,2001:1248:430b::1,2001:1248:4300::/42,MX,lacnic,2008-01-08,"AS11172 - Alestra, S. de R.L. de C.V., MX"
11172,2001:1248:4315::1,2001:1248:4300::/42,MX,lacnic,2008-01-08,"AS11172 - Alestra, S. de R.L. de C.V., MX"
11172,2001:1248:4323::1,2001:1248:4300::/42,MX,lacnic,2008-01-08,"AS11172 - Alestra, S. de R.L. de C.V., MX"
11172,2001:1248:4324::1,2001:1248:4300::/42,MX,lacnic,2008-01-08,"AS11172 - Alestra, S. de R.L. de C.V., MX"
11172,2001:1248:432a::1,2001:1248:4300::/42,MX,lacnic,2008-01-08,"AS11172 - Alestra, S. de R.L. de C.V., MX"
11172,2001:1248:4331::1,2001:1248:4300::/42,MX,lacnic,2008-01-08,"AS11172 - Alestra, S. de R.L. de C.V., MX"
11172,2001:1248:4332::1,2001:1248:4300::/42,MX,lacnic,2008-01-08,"AS11172 - Alestra, S. de R.L. de C.V., MX"
11172,2001:1248:4333::1,2001:1248:4300::/42,MX,lacnic,2008-01-08,"AS11172 - Alestra, S. de R.L. de C.V., MX"
11172,2001:1248:4334::1,2001:1248:4300::/42,MX,lacnic,2008-01-08,"AS11172 - Alestra, S. de R.L. de C.V., MX"
11172,2001:1248:4335::1,2001:1248:4300::/42,MX,lacnic,2008-01-08,"AS11172 - Alestra, S. de R.L. de C.V., MX"
11172,2001:1248:4336::1,2001:1248:4300::/42,MX,lacnic,2008-01-08,"AS11172 - Alestra, S. de R.L. de C.V., MX"
11172,2001:1248:4339::1,2001:1248:4300::/42,MX,lacnic,2008-01-08,"AS11172 - Alestra, S. de R.L. de C.V., MX"
11172,2001:1248:433a::1,2001:1248:4300::/42,MX,lacnic,2008-01-08,"AS11172 - Alestra, S. de R.L. de C.V., MX"
11172,2001:1248:433f:f005:7439:dae6:e5aa:2001,2001:1248:4300::/42,MX,lacnic,2008-01-08,"AS11172 - Alestra, S. de R.L. de C.V., MX"
11172,2001:1248:433f:f006:7a36:6dd0:f210:1,2001:1248:4300::/42,MX,lacnic,2008-01-08,"AS11172 - Alestra, S. de R.L. de C.V., MX"
11172,2001:1248:433f:f00b:14dd:da68:7a8c:7001,2001:1248:4300::/42,MX,lacnic,2008-01-08,"AS11172 - Alestra, S. de R.L. de C.V., MX"
11172,2001:1248:433f:f00e:d131:3a4c:f451:1001,2001:1248:4300::/42,MX,lacnic,2008-01-08,"AS11172 - Alestra, S. de R.L. de C.V., MX"
11172,2001:1248:433f:f011:ee2f:3e26:90d8:a001,2001:1248:4300::/42,MX,lacnic,2008-01-08,"AS11172 - Alestra, S. de R.L. de C.V., MX"
11172,2001:1248:433f:f015:ccfd:9d4a:57f:6001,2001:1248:4300::/42,MX,lacnic,2008-01-08,"AS11172 - Alestra, S. de R.L. de C.V., MX"
11172,2001:1248:433f:f016:e68a:a666:9f99:9001,2001:1248:4300::/42,MX,lacnic,2008-01-08,"AS11172 - Alestra, S. de R.L. de C.V., MX"
11172,2001:1248:433f:f017:6fbe:189e:6ce1:f001,2001:1248:4300::/42,MX,lacnic,2008-01-08,"AS11172 - Alestra, S. de R.L. de C.V., MX"
11172,2001:1248:433f:f024:5b03:9f7a:b88a:6001,2001:1248:4300::/42,MX,lacnic,2008-01-08,"AS11172 - Alestra, S. de R.L. de C.V., MX"
11172,2001:1248:433f:f02a:164f:2688:c073:5001,2001:1248:4300::/42,MX,lacnic,2008-01-08,"AS11172 - Alestra, S. de R.L. de C.V., MX"
11172,2001:1248:433f:f02f:a3c:d6d1:ba21:3001,2001:1248:4300::/42,MX,lacnic,2008-01-08,"AS11172 - Alestra, S. de R.L. de C.V., MX"
11172,2001:1248:433f:f031:e6e1:b7b5:725d:6001,2001:1248:4300::/42,MX,lacnic,2008-01-08,"AS11172 - Alestra, S. de R.L. de C.V., MX"
11172,2001:1248:433f:f032:23fc:1f58:a861:3001,2001:1248:4300::/42,MX,lacnic,2008-01-08,"AS11172 - Alestra, S. de R.L. de C.V., MX"
11172,2001:1248:433f:f033:b9c:2616:a2b3:8001,2001:1248:4300::/42,MX,lacnic,2008-01-08,"AS11172 - Alestra, S. de R.L. de C.V., MX"
11172,2001:1248:433f:f034:d23d:35f8:f8dc:e001,2001:1248:4300::/42,MX,lacnic,2008-01-08,"AS11172 - Alestra, S. de R.L. de C.V., MX"
11172,2001:1248:433f:f035:43a1:6194:bced:3001,2001:1248:4300::/42,MX,lacnic,2008-01-08,"AS11172 - Alestra, S. de R.L. de C.V., MX"
11172,2001:1248:433f:f039:a403:6ba:733e:e001,2001:1248:4300::/42,MX,lacnic,2008-01-08,"AS11172 - Alestra, S. de R.L. de C.V., MX"
11172,2001:1248:433f:f03a:9bdd:78da:cc6b:f001,2001:1248:4300::/42,MX,lacnic,2008-01-08,"AS11172 - Alestra, S. de R.L. de C.V., MX"
11172,2001:1248:4342::1,2001:1248:4340::/42,MX,lacnic,2008-01-08,"AS11172 - Alestra, S. de R.L. de C.V., MX"
11172,2001:1248:4349::1,2001:1248:4340::/42,MX,lacnic,2008-01-08,"AS11172 - Alestra, S. de R.L. de C.V., MX"
11172,2001:1248:434a::1,2001:1248:4340::/42,MX,lacnic,2008-01-08,"AS11172 - Alestra, S. de R.L. de C.V., MX"
11172,2001:1248:4351::1,2001:1248:4340::/42,MX,lacnic,2008-01-08,"AS11172 - Alestra, S. de R.L. de C.V., MX"
11172,2001:1248:4355::1,2001:1248:4340::/42,MX,lacnic,2008-01-08,"AS11172 - Alestra, S. de R.L. de C.V., MX"
11172,2001:1248:4359::1,2001:1248:4340::/42,MX,lacnic,2008-01-08,"AS11172 - Alestra, S. de R.L. de C.V., MX"
11172,2001:1248:435d::1,2001:1248:4340::/42,MX,lacnic,2008-01-08,"AS11172 - Alestra, S. de R.L. de C.V., MX"
11172,2001:1248:4361::1,2001:1248:4340::/42,MX,lacnic,2008-01-08,"AS11172 - Alestra, S. de R.L. de C.V., MX"
11172,2001:1248:4362::1,2001:1248:4340::/42,MX,lacnic,2008-01-08,"AS11172 - Alestra, S. de R.L. de C.V., MX"
11172,2001:1248:4368::1,2001:1248:4340::/42,MX,lacnic,2008-01-08,"AS11172 - Alestra, S. de R.L. de C.V., MX"
11172,2001:1248:436b::1,2001:1248:4340::/42,MX,lacnic,2008-01-08,"AS11172 - Alestra, S. de R.L. de C.V., MX"
11172,2001:1248:4370::1,2001:1248:4340::/42,MX,lacnic,2008-01-08,"AS11172 - Alestra, S. de R.L. de C.V., MX"
11172,2001:1248:4374::1,2001:1248:4340::/42,MX,lacnic,2008-01-08,"AS11172 - Alestra, S. de R.L. de C.V., MX"
11172,2001:1248:4375::1,2001:1248:4340::/42,MX,lacnic,2008-01-08,"AS11172 - Alestra, S. de R.L. de C.V., MX"
11172,2001:1248:437f:f000:e302:eac5:b53e:6001,2001:1248:4340::/42,MX,lacnic,2008-01-08,"AS11172 - Alestra, S. de R.L. de C.V., MX"
11172,2001:1248:437f:f002:a162:aa7f:2141:5001,2001:1248:4340::/42,MX,lacnic,2008-01-08,"AS11172 - Alestra, S. de R.L. de C.V., MX"
11172,2001:1248:437f:f006:396c:3d33:e77a:2001,2001:1248:4340::/42,MX,lacnic,2008-01-08,"AS11172 - Alestra, S. de R.L. de C.V., MX"
11172,2001:1248:437f:f009:e975:1466:8e4c:d001,2001:1248:4340::/42,MX,lacnic,2008-01-08,"AS11172 - Alestra, S. de R.L. de C.V., MX"
11172,2001:1248:437f:f00a:c862:2a96:64cf:2001,2001:1248:4340::/42,MX,lacnic,2008-01-08,"AS11172 - Alestra, S. de R.L. de C.V., MX"
11172,2001:1248:437f:f011:379d:5560:3d73:f001,2001:1248:4340::/42,MX,lacnic,2008-01-08,"AS11172 - Alestra, S. de R.L. de C.V., MX"
11172,2001:1248:437f:f015:4226:1df2:7d5d:e001,2001:1248:4340::/42,MX,lacnic,2008-01-08,"AS11172 - Alestra, S. de R.L. de C.V., MX"
11172,2001:1248:437f:f019:8368:2f9f:4925:6001,2001:1248:4340::/42,MX,lacnic,2008-01-08,"AS11172 - Alestra, S. de R.L. de C.V., MX"
11172,2001:1248:437f:f01d:ada4:26f1:af90:c001,2001:1248:4340::/42,MX,lacnic,2008-01-08,"AS11172 - Alestra, S. de R.L. de C.V., MX"
11172,2001:1248:437f:f01f:6f1f:14f0:ab4c:8001,2001:1248:4340::/42,MX,lacnic,2008-01-08,"AS11172 - Alestra, S. de R.L. de C.V., MX"
11172,2001:1248:437f:f021:2f90:729d:90d7:1,2001:1248:4340::/42,MX,lacnic,2008-01-08,"AS11172 - Alestra, S. de R.L. de C.V., MX"
11172,2001:1248:437f:f022:be7f:c3f6:62ee:1,2001:1248:4340::/42,MX,lacnic,2008-01-08,"AS11172 - Alestra, S. de R.L. de C.V., MX"
11172,2001:1248:437f:f028:6f2e:cc4a:df27:e001,2001:1248:4340::/42,MX,lacnic,2008-01-08,"AS11172 - Alestra, S. de R.L. de C.V., MX"
11172,2001:1248:437f:f02a:e20c:efaf:dec8:f001,2001:1248:4340::/42,MX,lacnic,2008-01-08,"AS11172 - Alestra, S. de R.L. de C.V., MX"
11172,2001:1248:437f:f02b:1990:9f06:c219:f001,2001:1248:4340::/42,MX,lacnic,2008-01-08,"AS11172 - Alestra, S. de R.L. de C.V., MX"
11172,2001:1248:437f:f02c:d4a9:da82:bde9:e001,2001:1248:4340::/42,MX,lacnic,2008-01-08,"AS11172 - Alestra, S. de R.L. de C.V., MX"
11172,2001:1248:437f:f032:1f04:7ccb:bc6d:d001,2001:1248:4340::/42,MX,lacnic,2008-01-08,"AS11172 - Alestra, S. de R.L. de C.V., MX"
11172,2001:1248:437f:f035:297b:be04:7bb2:5001,2001:1248:4340::/42,MX,lacnic,2008-01-08,"AS11172 - Alestra, S. de R.L. de C.V., MX"
11172,2001:1248:4383::1,2001:1248:4380::/42,MX,lacnic,2008-01-08,"AS11172 - Alestra, S. de R.L. de C.V., MX"
11172,2001:1248:4388::1,2001:1248:4380::/42,MX,lacnic,2008-01-08,"AS11172 - Alestra, S. de R.L. de C.V., MX"
11172,2001:1248:438b::1,2001:1248:4380::/42,MX,lacnic,2008-01-08,"AS11172 - Alestra, S. de R.L. de C.V., MX"
11172,2001:1248:438d::1,2001:1248:4380::/42,MX,lacnic,2008-01-08,"AS11172 - Alestra, S. de R.L. de C.V., MX"
11172,2001:1248:4395::1,2001:1248:4380::/42,MX,lacnic,2008-01-08,"AS11172 - Alestra, S. de R.L. de C.V., MX"
11172,2001:1248:439a::1,2001:1248:4380::/42,MX,lacnic,2008-01-08,"AS11172 - Alestra, S. de R.L. de C.V., MX"
11172,2001:1248:439b::1,2001:1248:4380::/42,MX,lacnic,2008-01-08,"AS11172 - Alestra, S. de R.L. de C.V., MX"
11172,2001:1248:439c::1,2001:1248:4380::/42,MX,lacnic,2008-01-08,"AS11172 - Alestra, S. de R.L. de C.V., MX"
11172,2001:1248:439d::1,2001:1248:4380::/42,MX,lacnic,2008-01-08,"AS11172 - Alestra, S. de R.L. de C.V., MX"
11172,2001:1248:439e::1,2001:1248:4380::/42,MX,lacnic,2008-01-08,"AS11172 - Alestra, S. de R.L. de C.V., MX"
11172,2001:1248:43a1::1,2001:1248:4380::/42,MX,lacnic,2008-01-08,"AS11172 - Alestra, S. de R.L. de C.V., MX"
11172,2001:1248:43a3::1,2001:1248:4380::/42,MX,lacnic,2008-01-08,"AS11172 - Alestra, S. de R.L. de C.V., MX"
11172,2001:1248:43aa::1,2001:1248:4380::/42,MX,lacnic,2008-01-08,"AS11172 - Alestra, S. de R.L. de C.V., MX"
11172,2001:1248:43b2::1,2001:1248:4380::/42,MX,lacnic,2008-01-08,"AS11172 - Alestra, S. de R.L. de C.V., MX"
11172,2001:1248:43b3::1,2001:1248:4380::/42,MX,lacnic,2008-01-08,"AS11172 - Alestra, S. de R.L. de C.V., MX"
11172,2001:1248:43b7::1,2001:1248:4380::/42,MX,lacnic,2008-01-08,"AS11172 - Alestra, S. de R.L. de C.V., MX"
11172,2001:1248:43b8::1,2001:1248:4380::/42,MX,lacnic,2008-01-08,"AS11172 - Alestra, S. de R.L. de C.V., MX"
11172,2001:1248:43bf:f001:1868:29b5:d6ba:e001,2001:1248:4380::/42,MX,lacnic,2008-01-08,"AS11172 - Alestra, S. de R.L. de C.V., MX"
11172,2001:1248:43bf:f00b:be6e:190c:1a98:a001,2001:1248:4380::/42,MX,lacnic,2008-01-08,"AS11172 - Alestra, S. de R.L. de C.V., MX"
11172,2001:1248:43bf:f00c:ab3a:fa85:200a:1001,2001:1248:4380::/42,MX,lacnic,2008-01-08,"AS11172 - Alestra, S. de R.L. de C.V., MX"
11172,2001:1248:43bf:f00d:39a2:337e:9a55:c001,2001:1248:4380::/42,MX,lacnic,2008-01-08,"AS11172 - Alestra, S. de R.L. de C.V., MX"
11172,2001:1248:43bf:f01b:1d1f:e2a4:2ef1:2001,2001:1248:4380::/42,MX,lacnic,2008-01-08,"AS11172 - Alestra, S. de R.L. de C.V., MX"
11172,2001:1248:43bf:f01c:3fd6:adf1:98e8:d001,2001:1248:4380::/42,MX,lacnic,2008-01-08,"AS11172 - Alestra, S. de R.L. de C.V., MX"
11172,2001:1248:43bf:f01d:380:b124:4ffb:3001,2001:1248:4380::/42,MX,lacnic,2008-01-08,"AS11172 - Alestra, S. de R.L. de C.V., MX"
11172,2001:1248:43bf:f021:358d:ba66:f9e:8001,2001:1248:4380::/42,MX,lacnic,2008-01-08,"AS11172 - Alestra, S. de R.L. de C.V., MX"
11172,2001:1248:43bf:f022:d337:462e:36cd:b001,2001:1248:4380::/42,MX,lacnic,2008-01-08,"AS11172 - Alestra, S. de R.L. de C.V., MX"
11172,2001:1248:43bf:f023:fb62:90ad:782:9001,2001:1248:4380::/42,MX,lacnic,2008-01-08,"AS11172 - Alestra, S. de R.L. de C.V., MX"
11172,2001:1248:43bf:f025:3f1f:3988:e952:2001,2001:1248:4380::/42,MX,lacnic,2008-01-08,"AS11172 - Alestra, S. de R.L. de C.V., MX"
11172,2001:1248:43bf:f02a:87cd:a24a:94b0:e001,2001:1248:4380::/42,MX,lacnic,2008-01-08,"AS11172 - Alestra, S. de R.L. de C.V., MX"
11172,2001:1248:43bf:f032:e576:71b4:3cf1:1,2001:1248:4380::/42,MX,lacnic,2008-01-08,"AS11172 - Alestra, S. de R.L. de C.V., MX"
11172,2001:1248:43bf:f033:6d82:1da3:5830:1,2001:1248:4380::/42,MX,lacnic,2008-01-08,"AS11172 - Alestra, S. de R.L. de C.V., MX"
11172,2001:1248:43bf:f036:d797:b7b:b335:b001,2001:1248:4380::/42,MX,lacnic,2008-01-08,"AS11172 - Alestra, S. de R.L. de C.V., MX"
11172,2001:1248:43bf:f037:b33e:250:bf13:e001,2001:1248:4380::/42,MX,lacnic,2008-01-08,"AS11172 - Alestra, S. de R.L. de C.V., MX"
11172,2001:1248:43bf:f03a:d6ab:d7fc:986c:e001,2001:1248:4380::/42,MX,lacnic,2008-01-08,"AS11172 - Alestra, S. de R.L. de C.V., MX"
11172,2001:1248:43bf:f03e:bfcc:a2bf:c7fb:e001,2001:1248:4380::/42,MX,lacnic,2008-01-08,"AS11172 - Alestra, S. de R.L. de C.V., MX"
11172,2001:1248:43c5::1,2001:1248:43c0::/42,MX,lacnic,2008-01-08,"AS11172 - Alestra, S. de R.L. de C.V., MX"
11172,2001:1248:43c7::1,2001:1248:43c0::/42,MX,lacnic,2008-01-08,"AS11172 - Alestra, S. de R.L. de C.V., MX"
11172,2001:1248:43cd::1,2001:1248:43c0::/42,MX,lacnic,2008-01-08,"AS11172 - Alestra, S. de R.L. de C.V., MX"
11172,2001:1248:43d3::1,2001:1248:43c0::/42,MX,lacnic,2008-01-08,"AS11172 - Alestra, S. de R.L. de C.V., MX"
11172,2001:1248:43d4::1,2001:1248:43c0::/42,MX,lacnic,2008-01-08,"AS11172 - Alestra, S. de R.L. de C.V., MX"
11172,2001:1248:43d7::1,2001:1248:43c0::/42,MX,lacnic,2008-01-08,"AS11172 - Alestra, S. de R.L. de C.V., MX"
11172,2001:1248:43d8::1,2001:1248:43c0::/42,MX,lacnic,2008-01-08,"AS11172 - Alestra, S. de R.L. de C.V., MX"
11172,2001:1248:43da::1,2001:1248:43c0::/42,MX,lacnic,2008-01-08,"AS11172 - Alestra, S. de R.L. de C.V., MX"
11172,2001:1248:43db::1,2001:1248:43c0::/42,MX,lacnic,2008-01-08,"AS11172 - Alestra, S. de R.L. de C.V., MX"
11172,2001:1248:43dd::1,2001:1248:43c0::/42,MX,lacnic,2008-01-08,"AS11172 - Alestra, S. de R.L. de C.V., MX"
11172,2001:1248:43de::1,2001:1248:43c0::/42,MX,lacnic,2008-01-08,"AS11172 - Alestra, S. de R.L. de C.V., MX"
11172,2001:1248:43e5::1,2001:1248:43c0::/42,MX,lacnic,2008-01-08,"AS11172 - Alestra, S. de R.L. de C.V., MX"
11172,2001:1248:43e6::1,2001:1248:43c0::/42,MX,lacnic,2008-01-08,"AS11172 - Alestra, S. de R.L. de C.V., MX"
11172,2001:1248:43ff:f004:c6c4:396d:31f2:f001,2001:1248:43c0::/42,MX,lacnic,2008-01-08,"AS11172 - Alestra, S. de R.L. de C.V., MX"
11172,2001:1248:43ff:f007:f8de:b85:62e:6001,2001:1248:43c0::/42,MX,lacnic,2008-01-08,"AS11172 - Alestra, S. de R.L. de C.V., MX"
11172,2001:1248:43ff:f00c:93dc:39be:3146:f001,2001:1248:43c0::/42,MX,lacnic,2008-01-08,"AS11172 - Alestra, S. de R.L. de C.V., MX"
11172,2001:1248:43ff:f00d:445c:5242:d3eb:8001,2001:1248:43c0::/42,MX,lacnic,2008-01-08,"AS11172 - Alestra, S. de R.L. de C.V., MX"
11172,2001:1248:43ff:f00e:bf26:b30d:c849:7001,2001:1248:43c0::/42,MX,lacnic,2008-01-08,"AS11172 - Alestra, S. de R.L. de C.V., MX"
11172,2001:1248:43ff:f010:96fe:cd72:c3c:7001,2001:1248:43c0::/42,MX,lacnic,2008-01-08,"AS11172 - Alestra, S. de R.L. de C.V., MX"
11172,2001:1248:43ff:f013:2538:c213:8991:2001,2001:1248:43c0::/42,MX,lacnic,2008-01-08,"AS11172 - Alestra, S. de R.L. de C.V., MX"
11172,2001:1248:43ff:f014:de1f:9993:948:2001,2001:1248:43c0::/42,MX,lacnic,2008-01-08,"AS11172 - Alestra, S. de R.L. de C.V., MX"
11172,2001:1248:43ff:f017:1795:b4ab:57b4:6001,2001:1248:43c0::/42,MX,lacnic,2008-01-08,"AS11172 - Alestra, S. de R.L. de C.V., MX"
11172,2001:1248:43ff:f01a:5759:9a56:9886:c001,2001:1248:43c0::/42,MX,lacnic,2008-01-08,"AS11172 - Alestra, S. de R.L. de C.V., MX"
11172,2001:1248:43ff:f01b:fafa:32b2:cb15:d001,2001:1248:43c0::/42,MX,lacnic,2008-01-08,"AS11172 - Alestra, S. de R.L. de C.V., MX"
11172,2001:1248:43ff:f01d:c40d:7daa:cbfb:b001,2001:1248:43c0::/42,MX,lacnic,2008-01-08,"AS11172 - Alestra, S. de R.L. de C.V., MX"
11172,2001:1248:43ff:f026:9689:4642:37e1:9001,2001:1248:43c0::/42,MX,lacnic,2008-01-08,"AS11172 - Alestra, S. de R.L. de C.V., MX"
11172,2001:1248:4400::1,2001:1248:4400::/42,MX,lacnic,2008-01-08,"AS11172 - Alestra, S. de R.L. de C.V., MX"
11172,2001:1248:4405::1,2001:1248:4400::/42,MX,lacnic,2008-01-08,"AS11172 - Alestra, S. de R.L. de C.V., MX"
11172,2001:1248:440d::1,2001:1248:4400::/42,MX,lacnic,2008-01-08,"AS11172 - Alestra, S. de R.L. de C.V., MX"
11172,2001:1248:4414::1,2001:1248:4400::/42,MX,lacnic,2008-01-08,"AS11172 - Alestra, S. de R.L. de C.V., MX"
11172,2001:1248:4420::1,2001:1248:4400::/42,MX,lacnic,2008-01-08,"AS11172 - Alestra, S. de R.L. de C.V., MX"
11172,2001:1248:4421::1,2001:1248:4400::/42,MX,lacnic,2008-01-08,"AS11172 - Alestra, S. de R.L. de C.V., MX"
11172,2001:1248:4422::1,2001:1248:4400::/42,MX,lacnic,2008-01-08,"AS11172 - Alestra, S. de R.L. de C.V., MX"
11172,2001:1248:4426::1,2001:1248:4400::/42,MX,lacnic,2008-01-08,"AS11172 - Alestra, S. de R.L. de C.V., MX"
11172,2001:1248:4427::1,2001:1248:4400::/42,MX,lacnic,2008-01-08,"AS11172 - Alestra, S. de R.L. de C.V., MX"
11172,2001:1248:442e::1,2001:1248:4400::/42,MX,lacnic,2008-01-08,"AS11172 - Alestra, S. de R.L. de C.V., MX"
11172,2001:1248:4433::1,2001:1248:4400::/42,MX,lacnic,2008-01-08,"AS11172 - Alestra, S. de R.L. de C.V., MX"
11172,2001:1248:443a::1,2001:1248:4400::/42,MX,lacnic,2008-01-08,"AS11172 - Alestra, S. de R.L. de C.V., MX"
11172,2001:1248:443c::1,2001:1248:4400::/42,MX,lacnic,2008-01-08,"AS11172 - Alestra, S. de R.L. de C.V., MX"
11172,2001:1248:443f:f000:c0ed:acf6:a650:6001,2001:1248:4400::/42,MX,lacnic,2008-01-08,"AS11172 - Alestra, S. de R.L. de C.V., MX"
11172,2001:1248:443f:f001:bc7e:68b:e46:110a,2001:1248:4400::/42,MX,lacnic,2008-01-08,"AS11172 - Alestra, S. de R.L. de C.V., MX"
11172,2001:1248:443f:f002:fda6:7f3b:4e46:8001,2001:1248:4400::/42,MX,lacnic,2008-01-08,"AS11172 - Alestra, S. de R.L. de C.V., MX"
11172,2001:1248:443f:f003:4b0d:592f:5fe8:3001,2001:1248:4400::/42,MX,lacnic,2008-01-08,"AS11172 - Alestra, S. de R.L. de C.V., MX"
11172,2001:1248:443f:f003:4b0d:592f:5fe8:310a,2001:1248:4400::/42,MX,lacnic,2008-01-08,"AS11172 - Alestra, S. de R.L. de C.V., MX"
11172,2001:1248:443f:f004:7588:8239:6158:1001,2001:1248:4400::/42,MX,lacnic,2008-01-08,"AS11172 - Alestra, S. de R.L. de C.V., MX"
11172,2001:1248:443f:f004:7588:8239:6158:110a,2001:1248:4400::/42,MX,lacnic,2008-01-08,"AS11172 - Alestra, S. de R.L. de C.V., MX"
11172,2001:1248:443f:f005:a765:3ad0:c816:5001,2001:1248:4400::/42,MX,lacnic,2008-01-08,"AS11172 - Alestra, S. de R.L. de C.V., MX"
11172,2001:1248:443f:f006:994c:7dd8:af23:6001,2001:1248:4400::/42,MX,lacnic,2008-01-08,"AS11172 - Alestra, S. de R.L. de C.V., MX"
11172,2001:1248:443f:f007:d81e:7ce1:2850:617f,2001:1248:4400::/42,MX,lacnic,2008-01-08,"AS11172 - Alestra, S. de R.L. de C.V., MX"
11172,2001:1248:443f:f009:e963:1aad:6557:317f,2001:1248:4400::/42,MX,lacnic,2008-01-08,"AS11172 - Alestra, S. de R.L. de C.V., MX"
11172,2001:1248:443f:f00b:2a4c:c458:6395:717f,2001:1248:4400::/42,MX,lacnic,2008-01-08,"AS11172 - Alestra, S. de R.L. de C.V., MX"
11172,2001:1248:443f:f00d:7190:d2f1:433a:2001,2001:1248:4400::/42,MX,lacnic,2008-01-08,"AS11172 - Alestra, S. de R.L. de C.V., MX"
11172,2001:1248:443f:f00d:7190:d2f1:433a:210a,2001:1248:4400::/42,MX,lacnic,2008-01-08,"AS11172 - Alestra, S. de R.L. de C.V., MX"
11172,2001:1248:443f:f010:2c0e:f3cc:218a:6001,2001:1248:4400::/42,MX,lacnic,2008-01-08,"AS11172 - Alestra, S. de R.L. de C.V., MX"
11172,2001:1248:443f:f010:2c0e:f3cc:218a:610a,2001:1248:4400::/42,MX,lacnic,2008-01-08,"AS11172 - Alestra, S. de R.L. de C.V., MX"
11172,2001:1248:443f:f011:80a4:75bc:6fbf:b10a,2001:1248:4400::/42,MX,lacnic,2008-01-08,"AS11172 - Alestra, S. de R.L. de C.V., MX"
11172,2001:1248:443f:f012:174f:7cf2:4aea:c17f,2001:1248:4400::/42,MX,lacnic,2008-01-08,"AS11172 - Alestra, S. de R.L. de C.V., MX"
11172,2001:1248:443f:f014:5863:fd03:ba53:1001,2001:1248:4400::/42,MX,lacnic,2008-01-08,"AS11172 - Alestra, S. de R.L. de C.V., MX"
11172,2001:1248:443f:f018:4403:65ee:ce1e:917f,2001:1248:4400::/42,MX,lacnic,2008-01-08,"AS11172 - Alestra, S. de R.L. de C.V., MX"
11172,2001:1248:443f:f019:7be0:16d7:ecd:c001,2001:1248:4400::/42,MX,lacnic,2008-01-08,"AS11172 - Alestra, S. de R.L. de C.V., MX"
11172,2001:1248:443f:f019:7be0:16d7:ecd:c10a,2001:1248:4400::/42,MX,lacnic,2008-01-08,"AS11172 - Alestra, S. de R.L. de C.V., MX"
11172,2001:1248:443f:f01b:c185:45dc:588a:b17f,2001:1248:4400::/42,MX,lacnic,2008-01-08,"AS11172 - Alestra, S. de R.L. de C.V., MX"
11172,2001:1248:443f:f01e:5817:a31b:458e:c001,2001:1248:4400::/42,MX,lacnic,2008-01-08,"AS11172 - Alestra, S. de R.L. de C.V., MX"
11172,2001:1248:443f:f01e:5817:a31b:458e:c10a,2001:1248:4400::/42,MX,lacnic,2008-01-08,"AS11172 - Alestra, S. de R.L. de C.V., MX"
11172,2001:1248:443f:f020:40ed:c4bb:4941:7001,2001:1248:4400::/42,MX,lacnic,2008-01-08,"AS11172 - Alestra, S. de R.L. de C.V., MX"
11172,2001:1248:443f:f020:40ed:c4bb:4941:710a,2001:1248:4400::/42,MX,lacnic,2008-01-08,"AS11172 - Alestra, S. de R.L. de C.V., MX"
11172,2001:1248:443f:f022:3358:518e:66d8:910a,2001:1248:4400::/42,MX,lacnic,2008-01-08,"AS11172 - Alestra, S. de R.L. de C.V., MX"
11172,2001:1248:443f:f023:7de0:d744:6b3:d001,2001:1248:4400::/42,MX,lacnic,2008-01-08,"AS11172 - Alestra, S. de R.L. de C.V., MX"
11172,2001:1248:443f:f023:7de0:d744:6b3:d10a,2001:1248:4400::/42,MX,lacnic,2008-01-08,"AS11172 - Alestra, S. de R.L. de C.V., MX"
11172,2001:1248:443f:f025:4b22:2ae1:3462:717f,2001:1248:4400::/42,MX,lacnic,2008-01-08,"AS11172 - Alestra, S. de R.L. de C.V., MX"
11172,2001:1248:443f:f026:fd11:e11d:9ffb:710a,2001:1248:4400::/42,MX,lacnic,2008-01-08,"AS11172 - Alestra, S. de R.L. de C.V., MX"
11172,2001:1248:443f:f027:ad02:9d36:c9d1:b10a,2001:1248:4400::/42,MX,lacnic,2008-01-08,"AS11172 - Alestra, S. de R.L. de C.V., MX"
11172,2001:1248:443f:f028:914d:973f:e45c:e10a,2001:1248:4400::/42,MX,lacnic,2008-01-08,"AS11172 - Alestra, S. de R.L. de C.V., MX"
11172,2001:1248:443f:f02a:6c86:4387:8a3c:5001,2001:1248:4400::/42,MX,lacnic,2008-01-08,"AS11172 - Alestra, S. de R.L. de C.V., MX"
11172,2001:1248:443f:f02a:6c86:4387:8a3c:510a,2001:1248:4400::/42,MX,lacnic,2008-01-08,"AS11172 - Alestra, S. de R.L. de C.V., MX"
11172,2001:1248:443f:f02c:837a:7fb6:9bd0:3b5a,2001:1248:4400::/42,MX,lacnic,2008-01-08,"AS11172 - Alestra, S. de R.L. de C.V., MX"
11172,2001:1248:443f:f02e:47e7:694a:3fc6:7001,2001:1248:4400::/42,MX,lacnic,2008-01-08,"AS11172 - Alestra, S. de R.L. de C.V., MX"
11172,2001:1248:443f:f02e:47e7:694a:3fc6:710a,2001:1248:4400::/42,MX,lacnic,2008-01-08,"AS11172 - Alestra, S. de R.L. de C.V., MX"
11172,2001:1248:443f:f033:8d7d:dbe9:df8d:610a,2001:1248:4400::/42,MX,lacnic,2008-01-08,"AS11172 - Alestra, S. de R.L. de C.V., MX"
11172,2001:1248:443f:f035:60e2:ae3b:236e:c6ca,2001:1248:4400::/42,MX,lacnic,2008-01-08,"AS11172 - Alestra, S. de R.L. de C.V., MX"
11172,2001:1248:443f:f038:9104:dd78:5e3:db0a,2001:1248:4400::/42,MX,lacnic,2008-01-08,"AS11172 - Alestra, S. de R.L. de C.V., MX"
11172,2001:1248:443f:f03a:8657:e0bf:36ba:910a,2001:1248:4400::/42,MX,lacnic,2008-01-08,"AS11172 - Alestra, S. de R.L. de C.V., MX"
11172,2001:1248:443f:f03c:3dc1:991b:2f04:9001,2001:1248:4400::/42,MX,lacnic,2008-01-08,"AS11172 - Alestra, S. de R.L. de C.V., MX"
11172,2001:1248:443f:f03c:3dc1:991b:2f04:910a,2001:1248:4400::/42,MX,lacnic,2008-01-08,"AS11172 - Alestra, S. de R.L. de C.V., MX"
11172,2001:1248:443f:f03e:ccf8:fd55:8909:5001,2001:1248:4400::/42,MX,lacnic,2008-01-08,"AS11172 - Alestra, S. de R.L. de C.V., MX"
11172,2001:1248:4447::1,2001:1248:4440::/42,MX,lacnic,2008-01-08,"AS11172 - Alestra, S. de R.L. de C.V., MX"
11172,2001:1248:4449::1,2001:1248:4440::/42,MX,lacnic,2008-01-08,"AS11172 - Alestra, S. de R.L. de C.V., MX"
11172,2001:1248:444c::1,2001:1248:4440::/42,MX,lacnic,2008-01-08,"AS11172 - Alestra, S. de R.L. de C.V., MX"
11172,2001:1248:444f::1,2001:1248:4440::/42,MX,lacnic,2008-01-08,"AS11172 - Alestra, S. de R.L. de C.V., MX"
11172,2001:1248:4450::1,2001:1248:4440::/42,MX,lacnic,2008-01-08,"AS11172 - Alestra, S. de R.L. de C.V., MX"
11172,2001:1248:4452::1,2001:1248:4440::/42,MX,lacnic,2008-01-08,"AS11172 - Alestra, S. de R.L. de C.V., MX"
11172,2001:1248:4458::1,2001:1248:4440::/42,MX,lacnic,2008-01-08,"AS11172 - Alestra, S. de R.L. de C.V., MX"
11172,2001:1248:445e::1,2001:1248:4440::/42,MX,lacnic,2008-01-08,"AS11172 - Alestra, S. de R.L. de C.V., MX"
11172,2001:1248:4464::1,2001:1248:4440::/42,MX,lacnic,2008-01-08,"AS11172 - Alestra, S. de R.L. de C.V., MX"
11172,2001:1248:446a::1,2001:1248:4440::/42,MX,lacnic,2008-01-08,"AS11172 - Alestra, S. de R.L. de C.V., MX"
11172,2001:1248:446c::1,2001:1248:4440::/42,MX,lacnic,2008-01-08,"AS11172 - Alestra, S. de R.L. de C.V., MX"
11172,2001:1248:4470::1,2001:1248:4440::/42,MX,lacnic,2008-01-08,"AS11172 - Alestra, S. de R.L. de C.V., MX"
11172,2001:1248:4472::1,2001:1248:4440::/42,MX,lacnic,2008-01-08,"AS11172 - Alestra, S. de R.L. de C.V., MX"
11172,2001:1248:447f:f001:6e8f:2303:fc00:d10a,2001:1248:4440::/42,MX,lacnic,2008-01-08,"AS11172 - Alestra, S. de R.L. de C.V., MX"
11172,2001:1248:447f:f002:953d:72c4:8775:9f8a,2001:1248:4440::/42,MX,lacnic,2008-01-08,"AS11172 - Alestra, S. de R.L. de C.V., MX"
11172,2001:1248:447f:f003:ad8a:95d:9ac5:f10a,2001:1248:4440::/42,MX,lacnic,2008-01-08,"AS11172 - Alestra, S. de R.L. de C.V., MX"
11172,2001:1248:447f:f007:db00:ab77:308e:e10a,2001:1248:4440::/42,MX,lacnic,2008-01-08,"AS11172 - Alestra, S. de R.L. de C.V., MX"
11172,2001:1248:447f:f009:a728:51de:bb86:1,2001:1248:4440::/42,MX,lacnic,2008-01-08,"AS11172 - Alestra, S. de R.L. de C.V., MX"
11172,2001:1248:447f:f00c:75b0:38cf:9b37:110a,2001:1248:4440::/42,MX,lacnic,2008-01-08,"AS11172 - Alestra, S. de R.L. de C.V., MX"
11172,2001:1248:447f:f00d:9a99:bedd:ae72:8001,2001:1248:4440::/42,MX,lacnic,2008-01-08,"AS11172 - Alestra, S. de R.L. de C.V., MX"
11172,2001:1248:447f:f00d:9a99:bedd:ae72:810a,2001:1248:4440::/42,MX,lacnic,2008-01-08,"AS11172 - Alestra, S. de R.L. de C.V., MX"
11172,2001:1248:447f:f00f:335b:c444:db88:9001,2001:1248:4440::/42,MX,lacnic,2008-01-08,"AS11172 - Alestra, S. de R.L. de C.V., MX"
11172,2001:1248:447f:f00f:335b:c444:db88:910a,2001:1248:4440::/42,MX,lacnic,2008-01-08,"AS11172 - Alestra, S. de R.L. de C.V., MX"
11172,2001:1248:447f:f010:c89d:ec9d:e2b0:8001,2001:1248:4440::/42,MX,lacnic,2008-01-08,"AS11172 - Alestra, S. de R.L. de C.V., MX"
11172,2001:1248:447f:f012:c6b3:98a4:1677:810a,2001:1248:4440::/42,MX,lacnic,2008-01-08,"AS11172 - Alestra, S. de R.L. de C.V., MX"
11172,2001:1248:447f:f015:2a5c:3e82:29d1:b10a,2001:1248:4440::/42,MX,lacnic,2008-01-08,"AS11172 - Alestra, S. de R.L. de C.V., MX"
11172,2001:1248:447f:f018:7fa6:a977:5cc4:410a,2001:1248:4440::/42,MX,lacnic,2008-01-08,"AS11172 - Alestra, S. de R.L. de C.V., MX"
11172,2001:1248:447f:f01a:2777:aee9:d87d:c34a,2001:1248:4440::/42,MX,lacnic,2008-01-08,"AS11172 - Alestra, S. de R.L. de C.V., MX"
11172,2001:1248:447f:f01d:7053:79a2:6bd:d29a,2001:1248:4440::/42,MX,lacnic,2008-01-08,"AS11172 - Alestra, S. de R.L. de C.V., MX"
11172,2001:1248:447f:f01e:5b1b:5055:4512:d10a,2001:1248:4440::/42,MX,lacnic,2008-01-08,"AS11172 - Alestra, S. de R.L. de C.V., MX"
11172,2001:1248:447f:f01f:fdec:b6c9:b0b2:310a,2001:1248:4440::/42,MX,lacnic,2008-01-08,"AS11172 - Alestra, S. de R.L. de C.V., MX"
11172,2001:1248:447f:f029:68e7:96ba:18d7:7cfa,2001:1248:4440::/42,MX,lacnic,2008-01-08,"AS11172 - Alestra, S. de R.L. de C.V., MX"
11172,2001:1248:447f:f02a:d2f0:f2f5:1d80:4001,2001:1248:4440::/42,MX,lacnic,2008-01-08,"AS11172 - Alestra, S. de R.L. de C.V., MX"
11172,2001:1248:447f:f02b:445a:3ce4:62f5:7001,2001:1248:4440::/42,MX,lacnic,2008-01-08,"AS11172 - Alestra, S. de R.L. de C.V., MX"
11172,2001:1248:447f:f02b:445a:3ce4:62f5:710a,2001:1248:4440::/42,MX,lacnic,2008-01-08,"AS11172 - Alestra, S. de R.L. de C.V., MX"
11172,2001:1248:447f:f02c:4c19:673d:a59b:f001,2001:1248:4440::/42,MX,lacnic,2008-01-08,"AS11172 - Alestra, S. de R.L. de C.V., MX"
11172,2001:1248:447f:f02c:4c19:673d:a59b:f10a,2001:1248:4440::/42,MX,lacnic,2008-01-08,"AS11172 - Alestra, S. de R.L. de C.V., MX"
11172,2001:1248:447f:f02d:fc92:2047:b5a0:a001,2001:1248:4440::/42,MX,lacnic,2008-01-08,"AS11172 - Alestra, S. de R.L. de C.V., MX"
11172,2001:1248:447f:f02d:fc92:2047:b5a0:a10a,2001:1248:4440::/42,MX,lacnic,2008-01-08,"AS11172 - Alestra, S. de R.L. de C.V., MX"
11172,2001:1248:447f:f030:bc9b:b379:8368:2001,2001:1248:4440::/42,MX,lacnic,2008-01-08,"AS11172 - Alestra, S. de R.L. de C.V., MX"
11172,2001:1248:447f:f031:831d:db66:35e1:110a,2001:1248:4440::/42,MX,lacnic,2008-01-08,"AS11172 - Alestra, S. de R.L. de C.V., MX"
11172,2001:1248:447f:f032:ad34:b20b:e889:c10a,2001:1248:4440::/42,MX,lacnic,2008-01-08,"AS11172 - Alestra, S. de R.L. de C.V., MX"
11172,2001:1248:447f:f034:69e4:b3aa:a337:10a,2001:1248:4440::/42,MX,lacnic,2008-01-08,"AS11172 - Alestra, S. de R.L. de C.V., MX"
11172,2001:1248:447f:f036:4a83:28c9:ae1f:d10a,2001:1248:4440::/42,MX,lacnic,2008-01-08,"AS11172 - Alestra, S. de R.L. de C.V., MX"
11172,2001:1248:447f:f037:d5cd:6746:a4e4:e001,2001:1248:4440::/42,MX,lacnic,2008-01-08,"AS11172 - Alestra, S. de R.L. de C.V., MX"
11172,2001:1248:447f:f03b:d1ce:9696:37fa:210a,2001:1248:4440::/42,MX,lacnic,2008-01-08,"AS11172 - Alestra, S. de R.L. de C.V., MX"
11172,2001:1248:447f:f03c:ddd9:c997:b20e:f001,2001:1248:4440::/42,MX,lacnic,2008-01-08,"AS11172 - Alestra, S. de R.L. de C.V., MX"
11172,2001:1248:447f:f03c:ddd9:c997:b20e:f10a,2001:1248:4440::/42,MX,lacnic,2008-01-08,"AS11172 - Alestra, S. de R.L. de C.V., MX"
11172,2001:1248:447f:f03d:c88a:c87d:6bc7:f80a,2001:1248:4440::/42,MX,lacnic,2008-01-08,"AS11172 - Alestra, S. de R.L. de C.V., MX"
11172,2001:1248:447f:f03e:9711:3e9a:7144:710a,2001:1248:4440::/42,MX,lacnic,2008-01-08,"AS11172 - Alestra, S. de R.L. de C.V., MX"
11172,2001:1248:4487::1,2001:1248:4480::/42,MX,lacnic,2008-01-08,"AS11172 - Alestra, S. de R.L. de C.V., MX"
11172,2001:1248:448b::1,2001:1248:4480::/42,MX,lacnic,2008-01-08,"AS11172 - Alestra, S. de R.L. de C.V., MX"
11172,2001:1248:448c::1,2001:1248:4480::/42,MX,lacnic,2008-01-08,"AS11172 - Alestra, S. de R.L. de C.V., MX"
11172,2001:1248:448e::1,2001:1248:4480::/42,MX,lacnic,2008-01-08,"AS11172 - Alestra, S. de R.L. de C.V., MX"
11172,2001:1248:4494::1,2001:1248:4480::/42,MX,lacnic,2008-01-08,"AS11172 - Alestra, S. de R.L. de C.V., MX"
11172,2001:1248:4496::1,2001:1248:4480::/42,MX,lacnic,2008-01-08,"AS11172 - Alestra, S. de R.L. de C.V., MX"
11172,2001:1248:449a::1,2001:1248:4480::/42,MX,lacnic,2008-01-08,"AS11172 - Alestra, S. de R.L. de C.V., MX"
11172,2001:1248:449e::1,2001:1248:4480::/42,MX,lacnic,2008-01-08,"AS11172 - Alestra, S. de R.L. de C.V., MX"
11172,2001:1248:44a5::1,2001:1248:4480::/42,MX,lacnic,2008-01-08,"AS11172 - Alestra, S. de R.L. de C.V., MX"
11172,2001:1248:44a6::1,2001:1248:4480::/42,MX,lacnic,2008-01-08,"AS11172 - Alestra, S. de R.L. de C.V., MX"
11172,2001:1248:44ac::1,2001:1248:4480::/42,MX,lacnic,2008-01-08,"AS11172 - Alestra, S. de R.L. de C.V., MX"
11172,2001:1248:44b4::1,2001:1248:4480::/42,MX,lacnic,2008-01-08,"AS11172 - Alestra, S. de R.L. de C.V., MX"
11172,2001:1248:44b7::1,2001:1248:4480::/42,MX,lacnic,2008-01-08,"AS11172 - Alestra, S. de R.L. de C.V., MX"
11172,2001:1248:44b8::1,2001:1248:4480::/42,MX,lacnic,2008-01-08,"AS11172 - Alestra, S. de R.L. de C.V., MX"
11172,2001:1248:44bf:f003:470c:b3ad:b489:810a,2001:1248:4480::/42,MX,lacnic,2008-01-08,"AS11172 - Alestra, S. de R.L. de C.V., MX"
11172,2001:1248:44bf:f005:dfe5:1ae6:b19b:99da,2001:1248:4480::/42,MX,lacnic,2008-01-08,"AS11172 - Alestra, S. de R.L. de C.V., MX"
11172,2001:1248:44bf:f007:c931:2997:963f:1,2001:1248:4480::/42,MX,lacnic,2008-01-08,"AS11172 - Alestra, S. de R.L. de C.V., MX"
11172,2001:1248:44bf:f009:d283:1f2a:1793:1001,2001:1248:4480::/42,MX,lacnic,2008-01-08,"AS11172 - Alestra, S. de R.L. de C.V., MX"
11172,2001:1248:44bf:f009:d283:1f2a:1793:110a,2001:1248:4480::/42,MX,lacnic,2008-01-08,"AS11172 - Alestra, S. de R.L. de C.V., MX"
11172,2001:1248:44bf:f00b:5fb7:79d5:dfc:3001,2001:1248:4480::/42,MX,lacnic,2008-01-08,"AS11172 - Alestra, S. de R.L. de C.V., MX"
11172,2001:1248:44bf:f00b:5fb7:79d5:dfc:310a,2001:1248:4480::/42,MX,lacnic,2008-01-08,"AS11172 - Alestra, S. de R.L. de C.V., MX"
11172,2001:1248:44bf:f00c:b0d6:dc7f:d68c:d10a,2001:1248:4480::/42,MX,lacnic,2008-01-08,"AS11172 - Alestra, S. de R.L. de C.V., MX"
11172,2001:1248:44bf:f00e:7650:dbb6:10da:310a,2001:1248:4480::/42,MX,lacnic,2008-01-08,"AS11172 - Alestra, S. de R.L. de C.V., MX"
11172,2001:1248:44bf:f00f:a4a4:e801:39c3:b001,2001:1248:4480::/42,MX,lacnic,2008-01-08,"AS11172 - Alestra, S. de R.L. de C.V., MX"
11172,2001:1248:44bf:f010:7e4c:a437:5c6c:910a,2001:1248:4480::/42,MX,lacnic,2008-01-08,"AS11172 - Alestra, S. de R.L. de C.V., MX"
11172,2001:1248:44bf:f013:557:cadd:855d:ae1a,2001:1248:4480::/42,MX,lacnic,2008-01-08,"AS11172 - Alestra, S. de R.L. de C.V., MX"
11172,2001:1248:44bf:f014:f41a:5a1c:5edd:3001,2001:1248:4480::/42,MX,lacnic,2008-01-08,"AS11172 - Alestra, S. de R.L. de C.V., MX"
11172,2001:1248:44bf:f015:69f4:7f2e:be52:5c0a,2001:1248:4480::/42,MX,lacnic,2008-01-08,"AS11172 - Alestra, S. de R.L. de C.V., MX"
11172,2001:1248:44bf:f016:451:c08b:8f07:3001,2001:1248:4480::/42,MX,lacnic,2008-01-08,"AS11172 - Alestra, S. de R.L. de C.V., MX"
11172,2001:1248:44bf:f016:451:c08b:8f07:310a,2001:1248:4480::/42,MX,lacnic,2008-01-08,"AS11172 - Alestra, S. de R.L. de C.V., MX"
11172,2001:1248:44bf:f018:df89:89a8:7243:35ea,2001:1248:4480::/42,MX,lacnic,2008-01-08,"AS11172 - Alestra, S. de R.L. de C.V., MX"
11172,2001:1248:44bf:f019:14f1:bef5:38d3:110a,2001:1248:4480::/42,MX,lacnic,2008-01-08,"AS11172 - Alestra, S. de R.L. de C.V., MX"
11172,2001:1248:44bf:f01b:235e:e6b8:8d15:386a,2001:1248:4480::/42,MX,lacnic,2008-01-08,"AS11172 - Alestra, S. de R.L. de C.V., MX"
11172,2001:1248:44bf:f01d:99c1:c62d:c157:610a,2001:1248:4480::/42,MX,lacnic,2008-01-08,"AS11172 - Alestra, S. de R.L. de C.V., MX"
11172,2001:1248:44bf:f024:2592:5b61:95f0:310a,2001:1248:4480::/42,MX,lacnic,2008-01-08,"AS11172 - Alestra, S. de R.L. de C.V., MX"
11172,2001:1248:44bf:f026:a2e2:49d1:ef83:210a,2001:1248:4480::/42,MX,lacnic,2008-01-08,"AS11172 - Alestra, S. de R.L. de C.V., MX"
11172,2001:1248:44bf:f02a:9e4d:8771:c70e:310a,2001:1248:4480::/42,MX,lacnic,2008-01-08,"AS11172 - Alestra, S. de R.L. de C.V., MX"
11172,2001:1248:44bf:f02c:56e5:dd8e:db2:310a,2001:1248:4480::/42,MX,lacnic,2008-01-08,"AS11172 - Alestra, S. de R.L. de C.V., MX"
11172,2001:1248:44bf:f02f:d43d:d00d:71d5:c10a,2001:1248:4480::/42,MX,lacnic,2008-01-08,"AS11172 - Alestra, S. de R.L. de C.V., MX"
11172,2001:1248:44bf:f031:794f:5e17:56ca:e001,2001:1248:4480::/42,MX,lacnic,2008-01-08,"AS11172 - Alestra, S. de R.L. de C.V., MX"
11172,2001:1248:44bf:f031:794f:5e17:56ca:e10a,2001:1248:4480::/42,MX,lacnic,2008-01-08,"AS11172 - Alestra, S. de R.L. de C.V., MX"
11172,2001:1248:44bf:f034:6e72:19d8:d1a2:1001,2001:1248:4480::/42,MX,lacnic,2008-01-08,"AS11172 - Alestra, S. de R.L. de C.V., MX"
11172,2001:1248:44bf:f034:6e72:19d8:d1a2:110a,2001:1248:4480::/42,MX,lacnic,2008-01-08,"AS11172 - Alestra, S. de R.L. de C.V., MX"
11172,2001:1248:44bf:f035:23ff:c7b1:696:13aa,2001:1248:4480::/42,MX,lacnic,2008-01-08,"AS11172 - Alestra, S. de R.L. de C.V., MX"
11172,2001:1248:44bf:f037:2dfd:c2a4:d1b4:7001,2001:1248:4480::/42,MX,lacnic,2008-01-08,"AS11172 - Alestra, S. de R.L. de C.V., MX"
11172,2001:1248:44bf:f037:2dfd:c2a4:d1b4:710a,2001:1248:4480::/42,MX,lacnic,2008-01-08,"AS11172 - Alestra, S. de R.L. de C.V., MX"
11172,2001:1248:44bf:f038:ed19:5e52:2eef:e001,2001:1248:4480::/42,MX,lacnic,2008-01-08,"AS11172 - Alestra, S. de R.L. de C.V., MX"
11172,2001:1248:44bf:f038:ed19:5e52:2eef:e10a,2001:1248:4480::/42,MX,lacnic,2008-01-08,"AS11172 - Alestra, S. de R.L. de C.V., MX"
11172,2001:1248:44bf:f039:fbc3:fcd:d3dd:73da,2001:1248:4480::/42,MX,lacnic,2008-01-08,"AS11172 - Alestra, S. de R.L. de C.V., MX"
11172,2001:1248:44bf:f03c:3442:e87d:8206:cc3a,2001:1248:4480::/42,MX,lacnic,2008-01-08,"AS11172 - Alestra, S. de R.L. de C.V., MX"
11172,2001:1248:44c5::1,2001:1248:44c0::/42,MX,lacnic,2008-01-08,"AS11172 - Alestra, S. de R.L. de C.V., MX"
11172,2001:1248:44c6::1,2001:1248:44c0::/42,MX,lacnic,2008-01-08,"AS11172 - Alestra, S. de R.L. de C.V., MX"
11172,2001:1248:44cb::1,2001:1248:44c0::/42,MX,lacnic,2008-01-08,"AS11172 - Alestra, S. de R.L. de C.V., MX"
11172,2001:1248:44d1::1,2001:1248:44c0::/42,MX,lacnic,2008-01-08,"AS11172 - Alestra, S. de R.L. de C.V., MX"
11172,2001:1248:44e1::1,2001:1248:44c0::/42,MX,lacnic,2008-01-08,"AS11172 - Alestra, S. de R.L. de C.V., MX"
11172,2001:1248:44ff:f000:641:a263:8482:4fba,2001:1248:44c0::/42,MX,lacnic,2008-01-08,"AS11172 - Alestra, S. de R.L. de C.V., MX"
11172,2001:1248:44ff:f001:5d9a:99a0:a10e:4e4a,2001:1248:44c0::/42,MX,lacnic,2008-01-08,"AS11172 - Alestra, S. de R.L. de C.V., MX"
11172,2001:1248:44ff:f005:e85f:1672:f905:e10a,2001:1248:44c0::/42,MX,lacnic,2008-01-08,"AS11172 - Alestra, S. de R.L. de C.V., MX"
11172,2001:1248:44ff:f006:6f9:f642:5c35:1,2001:1248:44c0::/42,MX,lacnic,2008-01-08,"AS11172 - Alestra, S. de R.L. de C.V., MX"
11172,2001:1248:44ff:f006:6f9:f642:5c35:10a,2001:1248:44c0::/42,MX,lacnic,2008-01-08,"AS11172 - Alestra, S. de R.L. de C.V., MX"
11172,2001:1248:44ff:f00b:2265:5194:db8a:4001,2001:1248:44c0::/42,MX,lacnic,2008-01-08,"AS11172 - Alestra, S. de R.L. de C.V., MX"
11172,2001:1248:44ff:f00c:54d2:9191:e041:fe5a,2001:1248:44c0::/42,MX,lacnic,2008-01-08,"AS11172 - Alestra, S. de R.L. de C.V., MX"
11172,2001:1248:44ff:f010:41a1:ef6:49a:d10a,2001:1248:44c0::/42,MX,lacnic,2008-01-08,"AS11172 - Alestra, S. de R.L. de C.V., MX"
11172,2001:1248:44ff:f011:ce6b:cb49:2d91:910a,2001:1248:44c0::/42,MX,lacnic,2008-01-08,"AS11172 - Alestra, S. de R.L. de C.V., MX"
11172,2001:1248:44ff:f012:7577:e5ad:b5d:810a,2001:1248:44c0::/42,MX,lacnic,2008-01-08,"AS11172 - Alestra, S. de R.L. de C.V., MX"
11172,2001:1248:44ff:f01a:b81d:f65a:b40:d10a,2001:1248:44c0::/42,MX,lacnic,2008-01-08,"AS11172 - Alestra, S. de R.L. de C.V., MX"
11172,2001:1248:44ff:f01b:ab5d:8fb8:1f23:610a,2001:1248:44c0::/42,MX,lacnic,2008-01-08,"AS11172 - Alestra, S. de R.L. de C.V., MX"
11172,2001:1248:44ff:f01c:371b:d248:e3c6:d2aa,2001:1248:44c0::/42,MX,lacnic,2008-01-08,"AS11172 - Alestra, S. de R.L. de C.V., MX"
11172,2001:1248:44ff:f021:8741:298c:3317:c001,2001:1248:44c0::/42,MX,lacnic,2008-01-08,"AS11172 - Alestra, S. de R.L. de C.V., MX"
11172,2001:1248:44ff:f021:8741:298c:3317:c10a,2001:1248:44c0::/42,MX,lacnic,2008-01-08,"AS11172 - Alestra, S. de R.L. de C.V., MX"
11172,2001:1248:44ff:f026:87a7:7d72:918:2c0a,2001:1248:44c0::/42,MX,lacnic,2008-01-08,"AS11172 - Alestra, S. de R.L. de C.V., MX"
11172,2001:1248:44ff:f02a:c883:1679:ca6b:e03a,2001:1248:44c0::/42,MX,lacnic,2008-01-08,"AS11172 - Alestra, S. de R.L. de C.V., MX"
11172,2001:1248:44ff:f02d:1715:6e9a:73d5:b10a,2001:1248:44c0::/42,MX,lacnic,2008-01-08,"AS11172 - Alestra, S. de R.L. de C.V., MX"
11172,2001:1248:44ff:f034:539d:13c8:e031:4a,2001:1248:44c0::/42,MX,lacnic,2008-01-08,"AS11172 - Alestra, S. de R.L. de C.V., MX"
11172,2001:1248:44ff:f035:7bbf:6c4:ab0a:610a,2001:1248:44c0::/42,MX,lacnic,2008-01-08,"AS11172 - Alestra, S. de R.L. de C.V., MX"
11172,2001:1248:44ff:f038:b386:a937:8303:f10a,2001:1248:44c0::/42,MX,lacnic,2008-01-08,"AS11172 - Alestra, S. de R.L. de C.V., MX"
11172,2001:1248:44ff:f03c:bbed:210e:f365:21ea,2001:1248:44c0::/42,MX,lacnic,2008-01-08,"AS11172 - Alestra, S. de R.L. de C.V., MX"
11172,2001:1248:44ff:f03d:6c79:33e8:3a11:1eaa,2001:1248:44c0::/42,MX,lacnic,2008-01-08,"AS11172 - Alestra, S. de R.L. de C.V., MX"
11172,2001:1248:44ff:f03e:b0af:f177:f1e0:7dea,2001:1248:44c0::/42,MX,lacnic,2008-01-08,"AS11172 - Alestra, S. de R.L. de C.V., MX"
11172,2001:1248:4506::1,2001:1248:4500::/42,MX,lacnic,2008-01-08,"AS11172 - Alestra, S. de R.L. de C.V., MX"
11172,2001:1248:451f::1,2001:1248:4500::/42,MX,lacnic,2008-01-08,"AS11172 - Alestra, S. de R.L. de C.V., MX"
11172,2001:1248:455a::1,2001:1248:455a::/48,MX,lacnic,2008-01-08,"AS11172 - Alestra, S. de R.L. de C.V., MX"
11172,2001:1248:456f::1,2001:1248:456f::/48,MX,lacnic,2008-01-08,"AS11172 - Alestra, S. de R.L. de C.V., MX"
11172,2001:1248:457f:f01a:237e:10a8:c4de:526b,2001:1248:4540::/42,MX,lacnic,2008-01-08,"AS11172 - Alestra, S. de R.L. de C.V., MX"
11172,2001:1248:457f:f02a:23e8:e5fd:eabf:252b,2001:1248:4540::/42,MX,lacnic,2008-01-08,"AS11172 - Alestra, S. de R.L. de C.V., MX"
11172,2001:1248:457f:f02f:f29a:22eb:9cc6:8001,2001:1248:4540::/42,MX,lacnic,2008-01-08,"AS11172 - Alestra, S. de R.L. de C.V., MX"
11172,2001:1248:457f:f02f:f29a:22eb:9cc6:810a,2001:1248:4540::/42,MX,lacnic,2008-01-08,"AS11172 - Alestra, S. de R.L. de C.V., MX"
11172,2001:1248:45ff:f002:d518:74c8:9ad1:b001,2001:1248:45c0::/42,MX,lacnic,2008-01-08,"AS11172 - Alestra, S. de R.L. de C.V., MX"
11172,2001:1248:45ff:f002:d518:74c8:9ad1:b10a,2001:1248:45c0::/42,MX,lacnic,2008-01-08,"AS11172 - Alestra, S. de R.L. de C.V., MX"
11172,2001:1248:4601::1,2001:1248:4600::/42,MX,lacnic,2008-01-08,"AS11172 - Alestra, S. de R.L. de C.V., MX"
11172,2001:1248:4618::1,2001:1248:4600::/42,MX,lacnic,2008-01-08,"AS11172 - Alestra, S. de R.L. de C.V., MX"
11172,2001:1248:4620::1,2001:1248:4600::/42,MX,lacnic,2008-01-08,"AS11172 - Alestra, S. de R.L. de C.V., MX"
11172,2001:1248:463f:f001:b6b7:1c7:ba2:e001,2001:1248:4600::/42,MX,lacnic,2008-01-08,"AS11172 - Alestra, S. de R.L. de C.V., MX"
11172,2001:1248:463f:f018:a922:1570:198c:8001,2001:1248:4600::/42,MX,lacnic,2008-01-08,"AS11172 - Alestra, S. de R.L. de C.V., MX"
11172,2001:1248:463f:f01a:24f1:6451:de36:bfca,2001:1248:4600::/42,MX,lacnic,2008-01-08,"AS11172 - Alestra, S. de R.L. de C.V., MX"
11172,2001:1248:463f:f01a:24f1:6451:de36:bfcb,2001:1248:4600::/42,MX,lacnic,2008-01-08,"AS11172 - Alestra, S. de R.L. de C.V., MX"
11172,2001:1248:463f:f01e:7b8b:dd61:cfec:ee3a,2001:1248:4600::/42,MX,lacnic,2008-01-08,"AS11172 - Alestra, S. de R.L. de C.V., MX"
11172,2001:1248:463f:f024:f464:cafb:744d:7001,2001:1248:4600::/42,MX,lacnic,2008-01-08,"AS11172 - Alestra, S. de R.L. de C.V., MX"
11172,2001:1248:463f:f024:f464:cafb:744d:710a,2001:1248:4600::/42,MX,lacnic,2008-01-08,"AS11172 - Alestra, S. de R.L. de C.V., MX"
11172,2001:1248:463f:f03e:c681:8f13:352a:610a,2001:1248:4600::/42,MX,lacnic,2008-01-08,"AS11172 - Alestra, S. de R.L. de C.V., MX"
11172,2001:1248:465b::1,2001:1248:4640::/42,MX,lacnic,2008-01-08,"AS11172 - Alestra, S. de R.L. de C.V., MX"
11172,2001:1248:465f::1,2001:1248:4640::/42,MX,lacnic,2008-01-08,"AS11172 - Alestra, S. de R.L. de C.V., MX"
11172,2001:1248:4660::1,2001:1248:4640::/42,MX,lacnic,2008-01-08,"AS11172 - Alestra, S. de R.L. de C.V., MX"
11172,2001:1248:4661::1,2001:1248:4640::/42,MX,lacnic,2008-01-08,"AS11172 - Alestra, S. de R.L. de C.V., MX"
11172,2001:1248:4664::1,2001:1248:4640::/42,MX,lacnic,2008-01-08,"AS11172 - Alestra, S. de R.L. de C.V., MX"
11172,2001:1248:467f:f01f:bc7e:cdf3:bac6:1001,2001:1248:4640::/42,MX,lacnic,2008-01-08,"AS11172 - Alestra, S. de R.L. de C.V., MX"
11172,2001:1248:467f:f038:94c0:6fc1:65af:1,2001:1248:4640::/42,MX,lacnic,2008-01-08,"AS11172 - Alestra, S. de R.L. de C.V., MX"
11172,2001:1248:467f:f038:94c0:6fc1:65af:10a,2001:1248:4640::/42,MX,lacnic,2008-01-08,"AS11172 - Alestra, S. de R.L. de C.V., MX"
11172,2001:1248:4689::1,2001:1248:4689::/48,MX,lacnic,2008-01-08,"AS11172 - Alestra, S. de R.L. de C.V., MX"
11172,2001:1248:46aa::1,2001:1248:4680::/42,MX,lacnic,2008-01-08,"AS11172 - Alestra, S. de R.L. de C.V., MX"
11172,2001:1248:46b6::1,2001:1248:4680::/42,MX,lacnic,2008-01-08,"AS11172 - Alestra, S. de R.L. de C.V., MX"
11172,2001:1248:46bf:f009:f1b3:49b0:6639:e001,2001:1248:4680::/42,MX,lacnic,2008-01-08,"AS11172 - Alestra, S. de R.L. de C.V., MX"
11172,2001:1248:46bf:f009:f1b3:49b0:6639:e10a,2001:1248:4680::/42,MX,lacnic,2008-01-08,"AS11172 - Alestra, S. de R.L. de C.V., MX"
11172,2001:1248:46bf:f015:4d97:414a:34b9:f001,2001:1248:4680::/42,MX,lacnic,2008-01-08,"AS11172 - Alestra, S. de R.L. de C.V., MX"
11172,2001:1248:46bf:f02a:1c6a:ac7b:cf9e:9001,2001:1248:4680::/42,MX,lacnic,2008-01-08,"AS11172 - Alestra, S. de R.L. de C.V., MX"
11172,2001:1248:46bf:f036:80a3:bde4:51d8:3001,2001:1248:4680::/42,MX,lacnic,2008-01-08,"AS11172 - Alestra, S. de R.L. de C.V., MX"
11172,2001:1248:46bf:f039:da6a:9e62:213f:410a,2001:1248:4680::/42,MX,lacnic,2008-01-08,"AS11172 - Alestra, S. de R.L. de C.V., MX"
11172,2001:1248:46cc::1,2001:1248:46c0::/42,MX,lacnic,2008-01-08,"AS11172 - Alestra, S. de R.L. de C.V., MX"
11172,2001:1248:46d0::1,2001:1248:46c0::/42,MX,lacnic,2008-01-08,"AS11172 - Alestra, S. de R.L. de C.V., MX"
11172,2001:1248:46f8::1,2001:1248:46c0::/42,MX,lacnic,2008-01-08,"AS11172 - Alestra, S. de R.L. de C.V., MX"
11172,2001:1248:46f9::1,2001:1248:46c0::/42,MX,lacnic,2008-01-08,"AS11172 - Alestra, S. de R.L. de C.V., MX"
11172,2001:1248:46ff:f00b:4a36:8e20:e1ea:c001,2001:1248:46c0::/42,MX,lacnic,2008-01-08,"AS11172 - Alestra, S. de R.L. de C.V., MX"
11172,2001:1248:46ff:f00c:3a83:419b:efa9:3001,2001:1248:46c0::/42,MX,lacnic,2008-01-08,"AS11172 - Alestra, S. de R.L. de C.V., MX"
11172,2001:1248:46ff:f00f:ca42:853b:b531:8001,2001:1248:46c0::/42,MX,lacnic,2008-01-08,"AS11172 - Alestra, S. de R.L. de C.V., MX"
11172,2001:1248:46ff:f03a:2582:12bc:3251:9001,2001:1248:46c0::/42,MX,lacnic,2008-01-08,"AS11172 - Alestra, S. de R.L. de C.V., MX"
11172,2001:1248:46ff:f03a:2582:12bc:3251:910a,2001:1248:46c0::/42,MX,lacnic,2008-01-08,"AS11172 - Alestra, S. de R.L. de C.V., MX"
11172,2001:1248:46ff:f03e:f3c1:8f64:e79b:b001,2001:1248:46c0::/42,MX,lacnic,2008-01-08,"AS11172 - Alestra, S. de R.L. de C.V., MX"
11172,2001:1248:472e::1,2001:1248:472e::/48,MX,lacnic,2008-01-08,"AS11172 - Alestra, S. de R.L. de C.V., MX"
11172,2001:1248:4812::1,2001:1248:4800::/42,MX,lacnic,2008-01-08,"AS11172 - Alestra, S. de R.L. de C.V., MX"
11172,2001:1248:4824::1,2001:1248:4800::/42,MX,lacnic,2008-01-08,"AS11172 - Alestra, S. de R.L. de C.V., MX"
11172,2001:1248:483a::1,2001:1248:483a::/48,MX,lacnic,2008-01-08,"AS11172 - Alestra, S. de R.L. de C.V., MX"
11172,2001:1248:483f:f000:2e07:c9c1:5bd4:b10a,2001:1248:4800::/42,MX,lacnic,2008-01-08,"AS11172 - Alestra, S. de R.L. de C.V., MX"
11172,2001:1248:483f:f003:b663:cc49:fdff:f10a,2001:1248:4800::/42,MX,lacnic,2008-01-08,"AS11172 - Alestra, S. de R.L. de C.V., MX"
11172,2001:1248:483f:f006:95b3:b0d6:ad31:81da,2001:1248:4800::/42,MX,lacnic,2008-01-08,"AS11172 - Alestra, S. de R.L. de C.V., MX"
11172,2001:1248:483f:f007:e6d1:e4a8:7348:410a,2001:1248:4800::/42,MX,lacnic,2008-01-08,"AS11172 - Alestra, S. de R.L. de C.V., MX"
11172,2001:1248:483f:f00c:8981:18af:2a8c:fb6a,2001:1248:4800::/42,MX,lacnic,2008-01-08,"AS11172 - Alestra, S. de R.L. de C.V., MX"
11172,2001:1248:483f:f00d:29a7:bd1c:685:331a,2001:1248:4800::/42,MX,lacnic,2008-01-08,"AS11172 - Alestra, S. de R.L. de C.V., MX"
11172,2001:1248:483f:f011:cde3:8c4b:2038:953a,2001:1248:4800::/42,MX,lacnic,2008-01-08,"AS11172 - Alestra, S. de R.L. de C.V., MX"
11172,2001:1248:483f:f012:dbe8:9eff:9956:110a,2001:1248:4800::/42,MX,lacnic,2008-01-08,"AS11172 - Alestra, S. de R.L. de C.V., MX"
11172,2001:1248:483f:f015:eec:2537:8729:3d3a,2001:1248:4800::/42,MX,lacnic,2008-01-08,"AS11172 - Alestra, S. de R.L. de C.V., MX"
11172,2001:1248:483f:f01c:83d2:c21:eef5:17aa,2001:1248:4800::/42,MX,lacnic,2008-01-08,"AS11172 - Alestra, S. de R.L. de C.V., MX"
11172,2001:1248:483f:f01d:5de7:8991:34e6:5fca,2001:1248:4800::/42,MX,lacnic,2008-01-08,"AS11172 - Alestra, S. de R.L. de C.V., MX"
11172,2001:1248:483f:f024:f4b7:c2f5:e7ea:1,2001:1248:4800::/42,MX,lacnic,2008-01-08,"AS11172 - Alestra, S. de R.L. de C.V., MX"
11172,2001:1248:483f:f025:986c:c421:ab9d:110a,2001:1248:4800::/42,MX,lacnic,2008-01-08,"AS11172 - Alestra, S. de R.L. de C.V., MX"
11172,2001:1248:483f:f026:56ed:5f2e:e96c:110a,2001:1248:4800::/42,MX,lacnic,2008-01-08,"AS11172 - Alestra, S. de R.L. de C.V., MX"
11172,2001:1248:483f:f028:165b:6a60:b802:b001,2001:1248:4800::/42,MX,lacnic,2008-01-08,"AS11172 - Alestra, S. de R.L. de C.V., MX"
11172,2001:1248:483f:f037:8bad:16ae:1834:10a,2001:1248:4800::/42,MX,lacnic,2008-01-08,"AS11172 - Alestra, S. de R.L. de C.V., MX"
11172,2001:1248:483f:f03a:4443:a173:140d:3001,2001:1248:4800::/42,MX,lacnic,2008-01-08,"AS11172 - Alestra, S. de R.L. de C.V., MX"
11172,2001:1248:483f:f03a:4443:a173:140d:310a,2001:1248:4800::/42,MX,lacnic,2008-01-08,"AS11172 - Alestra, S. de R.L. de C.V., MX"
11172,2001:1248:493f:f000:f655:a4cf:a6f7:92ea,2001:1248:4900::/42,MX,lacnic,2008-01-08,"AS11172 - Alestra, S. de R.L. de C.V., MX"
11172,2001:1248:493f:f003:a56:4200:a38a:15db,2001:1248:4900::/42,MX,lacnic,2008-01-08,"AS11172 - Alestra, S. de R.L. de C.V., MX"
11172,2001:1248:4:182f:ff:ff00:c997:19a4,2001:1248:4::/48,MX,lacnic,2008-01-08,"AS11172 - Alestra, S. de R.L. de C.V., MX"
11172,2001:1248:4:183f:ff:ff00:c85e:f8,2001:1248:4::/48,MX,lacnic,2008-01-08,"AS11172 - Alestra, S. de R.L. de C.V., MX"
11172,2001:1248:4:184f:ff:ff00:c85e:f9,2001:1248:4::/48,MX,lacnic,2008-01-08,"AS11172 - Alestra, S. de R.L. de C.V., MX"
11172,2001:1248:4a0d::1,2001:1248:4a00::/42,MX,lacnic,2008-01-08,"AS11172 - Alestra, S. de R.L. de C.V., MX"
11172,2001:1248:4a0e::1,2001:1248:4a00::/42,MX,lacnic,2008-01-08,"AS11172 - Alestra, S. de R.L. de C.V., MX"
11172,2001:1248:4a0f::1,2001:1248:4a00::/42,MX,lacnic,2008-01-08,"AS11172 - Alestra, S. de R.L. de C.V., MX"
11172,2001:1248:4a12::1,2001:1248:4a00::/42,MX,lacnic,2008-01-08,"AS11172 - Alestra, S. de R.L. de C.V., MX"
11172,2001:1248:4a13::1,2001:1248:4a00::/42,MX,lacnic,2008-01-08,"AS11172 - Alestra, S. de R.L. de C.V., MX"
11172,2001:1248:4a17::1,2001:1248:4a00::/42,MX,lacnic,2008-01-08,"AS11172 - Alestra, S. de R.L. de C.V., MX"
11172,2001:1248:4a20::1,2001:1248:4a00::/42,MX,lacnic,2008-01-08,"AS11172 - Alestra, S. de R.L. de C.V., MX"
11172,2001:1248:4a23::1,2001:1248:4a00::/42,MX,lacnic,2008-01-08,"AS11172 - Alestra, S. de R.L. de C.V., MX"
11172,2001:1248:4a25::1,2001:1248:4a00::/42,MX,lacnic,2008-01-08,"AS11172 - Alestra, S. de R.L. de C.V., MX"
11172,2001:1248:4a29::1,2001:1248:4a00::/42,MX,lacnic,2008-01-08,"AS11172 - Alestra, S. de R.L. de C.V., MX"
11172,2001:1248:4a38::1,2001:1248:4a00::/42,MX,lacnic,2008-01-08,"AS11172 - Alestra, S. de R.L. de C.V., MX"
11172,2001:1248:4a3f:f008:15b5:ee46:4029:9001,2001:1248:4a00::/42,MX,lacnic,2008-01-08,"AS11172 - Alestra, S. de R.L. de C.V., MX"
11172,2001:1248:4a3f:f00f:c991:29fc:fd38:610a,2001:1248:4a00::/42,MX,lacnic,2008-01-08,"AS11172 - Alestra, S. de R.L. de C.V., MX"
11172,2001:1248:4a3f:f010:d827:3a51:66e3:810a,2001:1248:4a00::/42,MX,lacnic,2008-01-08,"AS11172 - Alestra, S. de R.L. de C.V., MX"
11172,2001:1248:4a3f:f011:bd69:1650:f93d:10a,2001:1248:4a00::/42,MX,lacnic,2008-01-08,"AS11172 - Alestra, S. de R.L. de C.V., MX"
11172,2001:1248:4a3f:f017:a8f8:93dd:616d:210a,2001:1248:4a00::/42,MX,lacnic,2008-01-08,"AS11172 - Alestra, S. de R.L. de C.V., MX"
11172,2001:1248:4a3f:f01f:a8a4:f746:87fa:910a,2001:1248:4a00::/42,MX,lacnic,2008-01-08,"AS11172 - Alestra, S. de R.L. de C.V., MX"
11172,2001:1248:4a3f:f020:8f37:8357:f226:210a,2001:1248:4a00::/42,MX,lacnic,2008-01-08,"AS11172 - Alestra, S. de R.L. de C.V., MX"
11172,2001:1248:4a3f:f023:7c75:cbe3:a856:1001,2001:1248:4a00::/42,MX,lacnic,2008-01-08,"AS11172 - Alestra, S. de R.L. de C.V., MX"
11172,2001:1248:4a3f:f029:ae0e:fd:f562:7001,2001:1248:4a00::/42,MX,lacnic,2008-01-08,"AS11172 - Alestra, S. de R.L. de C.V., MX"
11172,2001:1248:4a3f:f029:ae0e:fd:f562:710a,2001:1248:4a00::/42,MX,lacnic,2008-01-08,"AS11172 - Alestra, S. de R.L. de C.V., MX"
11172,2001:1248:4a3f:f038:cb10:8cb2:9d08:c001,2001:1248:4a00::/42,MX,lacnic,2008-01-08,"AS11172 - Alestra, S. de R.L. de C.V., MX"
11172,2001:1248:4a3f:f038:cb10:8cb2:9d08:c10a,2001:1248:4a00::/42,MX,lacnic,2008-01-08,"AS11172 - Alestra, S. de R.L. de C.V., MX"
11172,2001:1248:4a3f:f03b:d796:dd16:a498:1,2001:1248:4a00::/42,MX,lacnic,2008-01-08,"AS11172 - Alestra, S. de R.L. de C.V., MX"
11172,2001:1248:4a3f:f03b:d796:dd16:a498:10a,2001:1248:4a00::/42,MX,lacnic,2008-01-08,"AS11172 - Alestra, S. de R.L. de C.V., MX"
11172,2001:1248:4a52::1,2001:1248:4a40::/42,MX,lacnic,2008-01-08,"AS11172 - Alestra, S. de R.L. de C.V., MX"
11172,2001:1248:4a71::1,2001:1248:4a40::/42,MX,lacnic,2008-01-08,"AS11172 - Alestra, S. de R.L. de C.V., MX"
11172,2001:1248:4a73::1,2001:1248:4a40::/42,MX,lacnic,2008-01-08,"AS11172 - Alestra, S. de R.L. de C.V., MX"
11172,2001:1248:4a75::1,2001:1248:4a40::/42,MX,lacnic,2008-01-08,"AS11172 - Alestra, S. de R.L. de C.V., MX"
11172,2001:1248:4a76::1,2001:1248:4a40::/42,MX,lacnic,2008-01-08,"AS11172 - Alestra, S. de R.L. de C.V., MX"
11172,2001:1248:4a77::1,2001:1248:4a40::/42,MX,lacnic,2008-01-08,"AS11172 - Alestra, S. de R.L. de C.V., MX"
11172,2001:1248:4a78::1,2001:1248:4a40::/42,MX,lacnic,2008-01-08,"AS11172 - Alestra, S. de R.L. de C.V., MX"
11172,2001:1248:4a79::1,2001:1248:4a40::/42,MX,lacnic,2008-01-08,"AS11172 - Alestra, S. de R.L. de C.V., MX"
11172,2001:1248:4a7f:f00a:d41e:9a4c:8301:e001,2001:1248:4a40::/42,MX,lacnic,2008-01-08,"AS11172 - Alestra, S. de R.L. de C.V., MX"
11172,2001:1248:4a7f:f027:db8e:a625:ff7a:b10a,2001:1248:4a40::/42,MX,lacnic,2008-01-08,"AS11172 - Alestra, S. de R.L. de C.V., MX"
11172,2001:1248:4a7f:f036:bae4:4d49:519:9001,2001:1248:4a40::/42,MX,lacnic,2008-01-08,"AS11172 - Alestra, S. de R.L. de C.V., MX"
11172,2001:1248:4a7f:f037:c752:9c3f:b3a5:8001,2001:1248:4a40::/42,MX,lacnic,2008-01-08,"AS11172 - Alestra, S. de R.L. de C.V., MX"
11172,2001:1248:4a7f:f038:a2be:e851:381d:3001,2001:1248:4a40::/42,MX,lacnic,2008-01-08,"AS11172 - Alestra, S. de R.L. de C.V., MX"
11172,2001:1248:4a7f:f038:a2be:e851:381d:310a,2001:1248:4a40::/42,MX,lacnic,2008-01-08,"AS11172 - Alestra, S. de R.L. de C.V., MX"
11172,2001:1248:4a7f:f039:1b78:3cea:f4a2:a001,2001:1248:4a40::/42,MX,lacnic,2008-01-08,"AS11172 - Alestra, S. de R.L. de C.V., MX"
11172,2001:1248:4a7f:f039:1b78:3cea:f4a2:a10a,2001:1248:4a40::/42,MX,lacnic,2008-01-08,"AS11172 - Alestra, S. de R.L. de C.V., MX"
11172,2001:1248:4a7f:f03b:5a1:5b01:80bc:f001,2001:1248:4a40::/42,MX,lacnic,2008-01-08,"AS11172 - Alestra, S. de R.L. de C.V., MX"
11172,2001:1248:4a7f:f03b:5a1:5b01:80bc:f10a,2001:1248:4a40::/42,MX,lacnic,2008-01-08,"AS11172 - Alestra, S. de R.L. de C.V., MX"
11172,2001:1248:4a80::1,2001:1248:4a80::/42,MX,lacnic,2008-01-08,"AS11172 - Alestra, S. de R.L. de C.V., MX"
11172,2001:1248:4a8c::1,2001:1248:4a80::/42,MX,lacnic,2008-01-08,"AS11172 - Alestra, S. de R.L. de C.V., MX"
11172,2001:1248:4a91::1,2001:1248:4a80::/42,MX,lacnic,2008-01-08,"AS11172 - Alestra, S. de R.L. de C.V., MX"
11172,2001:1248:4a96::1,2001:1248:4a96::/48,MX,lacnic,2008-01-08,"AS11172 - Alestra, S. de R.L. de C.V., MX"
11172,2001:1248:4a96::1:2,2001:1248:4a96::/48,MX,lacnic,2008-01-08,"AS11172 - Alestra, S. de R.L. de C.V., MX"
11172,2001:1248:4abf:f000:a976:39a2:d62:9001,2001:1248:4a80::/42,MX,lacnic,2008-01-08,"AS11172 - Alestra, S. de R.L. de C.V., MX"
11172,2001:1248:4abf:f003:d862:1c62:20fa:10a,2001:1248:4a80::/42,MX,lacnic,2008-01-08,"AS11172 - Alestra, S. de R.L. de C.V., MX"
11172,2001:1248:4abf:f00c:28d1:9c94:975a:d001,2001:1248:4a80::/42,MX,lacnic,2008-01-08,"AS11172 - Alestra, S. de R.L. de C.V., MX"
11172,2001:1248:4abf:f00d:d662:72fe:969f:3001,2001:1248:4a80::/42,MX,lacnic,2008-01-08,"AS11172 - Alestra, S. de R.L. de C.V., MX"
11172,2001:1248:4abf:f025:5fd5:f80e:5dcc:2001,2001:1248:4a80::/42,MX,lacnic,2008-01-08,"AS11172 - Alestra, S. de R.L. de C.V., MX"
11172,2001:1248:4abf:f025:5fd5:f80e:5dcc:210a,2001:1248:4a80::/42,MX,lacnic,2008-01-08,"AS11172 - Alestra, S. de R.L. de C.V., MX"
11172,2001:1248:4ac6::1,2001:1248:4ac0::/42,MX,lacnic,2008-01-08,"AS11172 - Alestra, S. de R.L. de C.V., MX"
11172,2001:1248:4ac8::1,2001:1248:4ac0::/42,MX,lacnic,2008-01-08,"AS11172 - Alestra, S. de R.L. de C.V., MX"
11172,2001:1248:4ad3::1,2001:1248:4ac0::/42,MX,lacnic,2008-01-08,"AS11172 - Alestra, S. de R.L. de C.V., MX"
11172,2001:1248:4adc::1,2001:1248:4ac0::/42,MX,lacnic,2008-01-08,"AS11172 - Alestra, S. de R.L. de C.V., MX"
11172,2001:1248:4aff:f006:ff31:1257:d564:b10a,2001:1248:4ac0::/42,MX,lacnic,2008-01-08,"AS11172 - Alestra, S. de R.L. de C.V., MX"
11172,2001:1248:4aff:f008:a195:9fba:312a:4001,2001:1248:4ac0::/42,MX,lacnic,2008-01-08,"AS11172 - Alestra, S. de R.L. de C.V., MX"
11172,2001:1248:4aff:f013:24f4:cf94:e96b:5001,2001:1248:4ac0::/42,MX,lacnic,2008-01-08,"AS11172 - Alestra, S. de R.L. de C.V., MX"
11172,2001:1248:4b15::1,2001:1248:4b00::/42,MX,lacnic,2008-01-08,"AS11172 - Alestra, S. de R.L. de C.V., MX"
11172,2001:1248:4b2d::1,2001:1248:4b00::/42,MX,lacnic,2008-01-08,"AS11172 - Alestra, S. de R.L. de C.V., MX"
11172,2001:1248:4b3f:f001:6015:96cb:7816:2001,2001:1248:4b00::/42,MX,lacnic,2008-01-08,"AS11172 - Alestra, S. de R.L. de C.V., MX"
11172,2001:1248:4b3f:f015:ec36:ce4b:ce56:6001,2001:1248:4b00::/42,MX,lacnic,2008-01-08,"AS11172 - Alestra, S. de R.L. de C.V., MX"
11172,2001:1248:4b3f:f02b:cb75:b738:c503:8001,2001:1248:4b00::/42,MX,lacnic,2008-01-08,"AS11172 - Alestra, S. de R.L. de C.V., MX"
11172,2001:1248:4b3f:f02b:cb75:b738:c503:810a,2001:1248:4b00::/42,MX,lacnic,2008-01-08,"AS11172 - Alestra, S. de R.L. de C.V., MX"
11172,2001:1248:4b3f:f02d:5378:5bae:8e82:1,2001:1248:4b00::/42,MX,lacnic,2008-01-08,"AS11172 - Alestra, S. de R.L. de C.V., MX"
11172,2001:1248:4b5e::1,2001:1248:4b40::/42,MX,lacnic,2008-01-08,"AS11172 - Alestra, S. de R.L. de C.V., MX"
11172,2001:1248:4b73::1,2001:1248:4b40::/42,MX,lacnic,2008-01-08,"AS11172 - Alestra, S. de R.L. de C.V., MX"
11172,2001:1248:4b7f:f004:6415:8e0f:dfe3:e001,2001:1248:4b40::/42,MX,lacnic,2008-01-08,"AS11172 - Alestra, S. de R.L. de C.V., MX"
11172,2001:1248:4b7f:f016:d1d4:45a0:86b0:8001,2001:1248:4b40::/42,MX,lacnic,2008-01-08,"AS11172 - Alestra, S. de R.L. de C.V., MX"
11172,2001:1248:4b7f:f01a:feef:4969:b155:a10a,2001:1248:4b40::/42,MX,lacnic,2008-01-08,"AS11172 - Alestra, S. de R.L. de C.V., MX"
11172,2001:1248:4b7f:f01e:cb25:93a5:7c65:2001,2001:1248:4b40::/42,MX,lacnic,2008-01-08,"AS11172 - Alestra, S. de R.L. de C.V., MX"
11172,2001:1248:4b7f:f033:5a79:6cd6:e9ed:6001,2001:1248:4b40::/42,MX,lacnic,2008-01-08,"AS11172 - Alestra, S. de R.L. de C.V., MX"
11172,2001:1248:4b7f:f035:dffb:c1e6:5e3d:d001,2001:1248:4b40::/42,MX,lacnic,2008-01-08,"AS11172 - Alestra, S. de R.L. de C.V., MX"
11172,2001:1248:4b7f:f035:dffb:c1e6:5e3d:d10a,2001:1248:4b40::/42,MX,lacnic,2008-01-08,"AS11172 - Alestra, S. de R.L. de C.V., MX"
11172,2001:1248:4b88::1,2001:1248:4b80::/42,MX,lacnic,2008-01-08,"AS11172 - Alestra, S. de R.L. de C.V., MX"
11172,2001:1248:4ba3::1,2001:1248:4b80::/42,MX,lacnic,2008-01-08,"AS11172 - Alestra, S. de R.L. de C.V., MX"
11172,2001:1248:4baa::1,2001:1248:4b80::/42,MX,lacnic,2008-01-08,"AS11172 - Alestra, S. de R.L. de C.V., MX"
11172,2001:1248:4bbf:f01f:7767:ef89:22d8:3001,2001:1248:4b80::/42,MX,lacnic,2008-01-08,"AS11172 - Alestra, S. de R.L. de C.V., MX"
11172,2001:1248:4bbf:f01f:7767:ef89:22d8:310a,2001:1248:4b80::/42,MX,lacnic,2008-01-08,"AS11172 - Alestra, S. de R.L. de C.V., MX"
11172,2001:1248:4bbf:f023:894e:dcfa:a18d:210a,2001:1248:4b80::/42,MX,lacnic,2008-01-08,"AS11172 - Alestra, S. de R.L. de C.V., MX"
11172,2001:1248:4bbf:f02a:5251:e927:3251:7001,2001:1248:4b80::/42,MX,lacnic,2008-01-08,"AS11172 - Alestra, S. de R.L. de C.V., MX"
11172,2001:1248:4bf8::2,2001:1248:4bc0::/42,MX,lacnic,2008-01-08,"AS11172 - Alestra, S. de R.L. de C.V., MX"
11172,2001:1248:4bff:f02b:f300:819:e427:510a,2001:1248:4bc0::/42,MX,lacnic,2008-01-08,"AS11172 - Alestra, S. de R.L. de C.V., MX"
11172,2001:1248:4bff:f038:e667:42c8:bfd3:aaa,2001:1248:4bc0::/42,MX,lacnic,2008-01-08,"AS11172 - Alestra, S. de R.L. de C.V., MX"
11172,2001:1248:4bff:f038:e667:42c8:bfd3:aab,2001:1248:4bc0::/42,MX,lacnic,2008-01-08,"AS11172 - Alestra, S. de R.L. de C.V., MX"
11172,2001:1248:4d3f:f002:70a0:b518:defa:588a,2001:1248:4d00::/42,MX,lacnic,2008-01-08,"AS11172 - Alestra, S. de R.L. de C.V., MX"
11172,2001:1248:4d3f:f004:2604:7e96:70f5:1eda,2001:1248:4d00::/42,MX,lacnic,2008-01-08,"AS11172 - Alestra, S. de R.L. de C.V., MX"
11172,2001:1248:4d3f:f005:cc3d:522d:71d1:dfda,2001:1248:4d00::/42,MX,lacnic,2008-01-08,"AS11172 - Alestra, S. de R.L. de C.V., MX"
11172,2001:1248:4d3f:f007:15df:d8cf:b6f6:e1ea,2001:1248:4d00::/42,MX,lacnic,2008-01-08,"AS11172 - Alestra, S. de R.L. de C.V., MX"
11172,2001:1248:4d3f:f009:e158:a13c:4018:b10a,2001:1248:4d00::/42,MX,lacnic,2008-01-08,"AS11172 - Alestra, S. de R.L. de C.V., MX"
11172,2001:1248:4d3f:f00d:6565:2846:c8eb:3f8a,2001:1248:4d00::/42,MX,lacnic,2008-01-08,"AS11172 - Alestra, S. de R.L. de C.V., MX"
11172,2001:1248:4d3f:f011:66e3:464d:5736:dfaa,2001:1248:4d00::/42,MX,lacnic,2008-01-08,"AS11172 - Alestra, S. de R.L. de C.V., MX"
11172,2001:1248:4d3f:f014:adae:1925:5c60:7bba,2001:1248:4d00::/42,MX,lacnic,2008-01-08,"AS11172 - Alestra, S. de R.L. de C.V., MX"
11172,2001:1248:4d3f:f015:3b87:4b26:f132:a2da,2001:1248:4d00::/42,MX,lacnic,2008-01-08,"AS11172 - Alestra, S. de R.L. de C.V., MX"
11172,2001:1248:4d3f:f016:1eb3:327a:2074:72ea,2001:1248:4d00::/42,MX,lacnic,2008-01-08,"AS11172 - Alestra, S. de R.L. de C.V., MX"
11172,2001:1248:4d3f:f018:587d:ea54:1a5f:37ba,2001:1248:4d00::/42,MX,lacnic,2008-01-08,"AS11172 - Alestra, S. de R.L. de C.V., MX"
11172,2001:1248:4d3f:f019:6e68:5605:a7e1:9a3a,2001:1248:4d00::/42,MX,lacnic,2008-01-08,"AS11172 - Alestra, S. de R.L. de C.V., MX"
11172,2001:1248:4d3f:f01b:9574:1bff:5004:410a,2001:1248:4d00::/42,MX,lacnic,2008-01-08,"AS11172 - Alestra, S. de R.L. de C.V., MX"
11172,2001:1248:4d3f:f01c:5c03:e09a:235a:b9ba,2001:1248:4d00::/42,MX,lacnic,2008-01-08,"AS11172 - Alestra, S. de R.L. de C.V., MX"
11172,2001:1248:4d3f:f01d:f4f5:bc0e:3b44:f10a,2001:1248:4d00::/42,MX,lacnic,2008-01-08,"AS11172 - Alestra, S. de R.L. de C.V., MX"
11172,2001:1248:4d3f:f02a:92d2:ba92:2330:11ea,2001:1248:4d00::/42,MX,lacnic,2008-01-08,"AS11172 - Alestra, S. de R.L. de C.V., MX"
11172,2001:1248:4d3f:f02b:4944:d83d:4e06:2ada,2001:1248:4d00::/42,MX,lacnic,2008-01-08,"AS11172 - Alestra, S. de R.L. de C.V., MX"
11172,2001:1248:4d3f:f031:cf0a:78d8:35c3:d8ea,2001:1248:4d00::/42,MX,lacnic,2008-01-08,"AS11172 - Alestra, S. de R.L. de C.V., MX"
11172,2001:1248:4d3f:f033:a60:39d3:32ee:bc4a,2001:1248:4d00::/42,MX,lacnic,2008-01-08,"AS11172 - Alestra, S. de R.L. de C.V., MX"
11172,2001:1248:4d3f:f036:cdd7:a918:342:3b7a,2001:1248:4d00::/42,MX,lacnic,2008-01-08,"AS11172 - Alestra, S. de R.L. de C.V., MX"
11172,2001:1248:4d3f:f03b:20ce:76f0:66f9:210a,2001:1248:4d00::/42,MX,lacnic,2008-01-08,"AS11172 - Alestra, S. de R.L. de C.V., MX"
11172,2001:1248:4d3f:f03e:68a3:5aad:6f17:926a,2001:1248:4d00::/42,MX,lacnic,2008-01-08,"AS11172 - Alestra, S. de R.L. de C.V., MX"
11172,2001:1248:4d63::1,2001:1248:4d40::/42,MX,lacnic,2008-01-08,"AS11172 - Alestra, S. de R.L. de C.V., MX"
11172,2001:1248:4d7f:f000:49:531e:15c9:79aa,2001:1248:4d40::/42,MX,lacnic,2008-01-08,"AS11172 - Alestra, S. de R.L. de C.V., MX"
11172,2001:1248:4d7f:f002:be95:7d8c:e4fb:e10a,2001:1248:4d40::/42,MX,lacnic,2008-01-08,"AS11172 - Alestra, S. de R.L. de C.V., MX"
11172,2001:1248:4d7f:f003:632e:2fed:963c:e2da,2001:1248:4d40::/42,MX,lacnic,2008-01-08,"AS11172 - Alestra, S. de R.L. de C.V., MX"
11172,2001:1248:4d7f:f004:7aa0:c7d2:6739:210a,2001:1248:4d40::/42,MX,lacnic,2008-01-08,"AS11172 - Alestra, S. de R.L. de C.V., MX"
11172,2001:1248:4d7f:f00c:2cb3:324e:55d4:5ba,2001:1248:4d40::/42,MX,lacnic,2008-01-08,"AS11172 - Alestra, S. de R.L. de C.V., MX"
11172,2001:1248:4d7f:f00d:b7ae:1ddc:49d1:9eda,2001:1248:4d40::/42,MX,lacnic,2008-01-08,"AS11172 - Alestra, S. de R.L. de C.V., MX"
11172,2001:1248:4d7f:f00f:5c6f:1ed3:1040:410a,2001:1248:4d40::/42,MX,lacnic,2008-01-08,"AS11172 - Alestra, S. de R.L. de C.V., MX"
11172,2001:1248:4d7f:f010:bde6:5738:3dbb:d46a,2001:1248:4d40::/42,MX,lacnic,2008-01-08,"AS11172 - Alestra, S. de R.L. de C.V., MX"
11172,2001:1248:4d7f:f011:d65d:b487:47ae:b87a,2001:1248:4d40::/42,MX,lacnic,2008-01-08,"AS11172 - Alestra, S. de R.L. de C.V., MX"
11172,2001:1248:4d7f:f013:b33d:e91c:3148:e59a,2001:1248:4d40::/42,MX,lacnic,2008-01-08,"AS11172 - Alestra, S. de R.L. de C.V., MX"
11172,2001:1248:4d7f:f016:7b36:5541:338a:6001,2001:1248:4d40::/42,MX,lacnic,2008-01-08,"AS11172 - Alestra, S. de R.L. de C.V., MX"
11172,2001:1248:4d7f:f016:7b36:5541:338a:610a,2001:1248:4d40::/42,MX,lacnic,2008-01-08,"AS11172 - Alestra, S. de R.L. de C.V., MX"
11172,2001:1248:4d7f:f01b:23b7:f72e:6322:9f3a,2001:1248:4d40::/42,MX,lacnic,2008-01-08,"AS11172 - Alestra, S. de R.L. de C.V., MX"
11172,2001:1248:4d7f:f01d:4b0a:779b:1c89:910a,2001:1248:4d40::/42,MX,lacnic,2008-01-08,"AS11172 - Alestra, S. de R.L. de C.V., MX"
11172,2001:1248:4d7f:f023:384b:9a48:2215:e9fb,2001:1248:4d40::/42,MX,lacnic,2008-01-08,"AS11172 - Alestra, S. de R.L. de C.V., MX"
11172,2001:1248:4d7f:f024:50fe:30f:ddc1:8aba,2001:1248:4d40::/42,MX,lacnic,2008-01-08,"AS11172 - Alestra, S. de R.L. de C.V., MX"
11172,2001:1248:4d7f:f025:4091:9142:8de4:cb4a,2001:1248:4d40::/42,MX,lacnic,2008-01-08,"AS11172 - Alestra, S. de R.L. de C.V., MX"
11172,2001:1248:4d7f:f026:fa94:2791:9614:3c2b,2001:1248:4d40::/42,MX,lacnic,2008-01-08,"AS11172 - Alestra, S. de R.L. de C.V., MX"
11172,2001:1248:4d7f:f02a:55eb:67ac:fbd3:785a,2001:1248:4d40::/42,MX,lacnic,2008-01-08,"AS11172 - Alestra, S. de R.L. de C.V., MX"
11172,2001:1248:4d7f:f02b:8fcf:9724:dad0:c6a,2001:1248:4d40::/42,MX,lacnic,2008-01-08,"AS11172 - Alestra, S. de R.L. de C.V., MX"
11172,2001:1248:4d7f:f02d:1b55:2e24:9a6e:56a,2001:1248:4d40::/42,MX,lacnic,2008-01-08,"AS11172 - Alestra, S. de R.L. de C.V., MX"
11172,2001:1248:4d7f:f030:f73e:79f5:7ec8:34aa,2001:1248:4d40::/42,MX,lacnic,2008-01-08,"AS11172 - Alestra, S. de R.L. de C.V., MX"
11172,2001:1248:4d7f:f035:16a3:12af:63de:b00a,2001:1248:4d40::/42,MX,lacnic,2008-01-08,"AS11172 - Alestra, S. de R.L. de C.V., MX"
11172,2001:1248:4d7f:f038:250:5e48:2c53:a12a,2001:1248:4d40::/42,MX,lacnic,2008-01-08,"AS11172 - Alestra, S. de R.L. de C.V., MX"
11172,2001:1248:4d7f:f03c:e4c1:4df4:88e2:5b0a,2001:1248:4d40::/42,MX,lacnic,2008-01-08,"AS11172 - Alestra, S. de R.L. de C.V., MX"
11172,2001:1248:4d7f:f03d:597b:4eea:b447:e19a,2001:1248:4d40::/42,MX,lacnic,2008-01-08,"AS11172 - Alestra, S. de R.L. de C.V., MX"
11172,2001:1248:4d7f:f03e:3d7e:4f96:41ca:9c8a,2001:1248:4d40::/42,MX,lacnic,2008-01-08,"AS11172 - Alestra, S. de R.L. de C.V., MX"
11172,2001:1248:4dbf:f001:b520:927e:c211:34da,2001:1248:4d80::/42,MX,lacnic,2008-01-08,"AS11172 - Alestra, S. de R.L. de C.V., MX"
11172,2001:1248:4dbf:f002:2928:2051:9d73:7f9a,2001:1248:4d80::/42,MX,lacnic,2008-01-08,"AS11172 - Alestra, S. de R.L. de C.V., MX"
11172,2001:1248:4dbf:f008:4d51:316d:6d0e:f68a,2001:1248:4d80::/42,MX,lacnic,2008-01-08,"AS11172 - Alestra, S. de R.L. de C.V., MX"
11172,2001:1248:4dbf:f00d:e3de:be51:796:967a,2001:1248:4d80::/42,MX,lacnic,2008-01-08,"AS11172 - Alestra, S. de R.L. de C.V., MX"
11172,2001:1248:4dbf:f014:4d9f:e2cd:971e:23ca,2001:1248:4d80::/42,MX,lacnic,2008-01-08,"AS11172 - Alestra, S. de R.L. de C.V., MX"
11172,2001:1248:4dbf:f016:de43:f2d7:6376:1caa,2001:1248:4d80::/42,MX,lacnic,2008-01-08,"AS11172 - Alestra, S. de R.L. de C.V., MX"
11172,2001:1248:4dbf:f01c:2185:83fe:d0f2:e6ca,2001:1248:4d80::/42,MX,lacnic,2008-01-08,"AS11172 - Alestra, S. de R.L. de C.V., MX"
11172,2001:1248:4dbf:f01e:e7fe:dc30:fc99:ccca,2001:1248:4d80::/42,MX,lacnic,2008-01-08,"AS11172 - Alestra, S. de R.L. de C.V., MX"
11172,2001:1248:4dbf:f02a:3c84:ab78:22a9:d34a,2001:1248:4d80::/42,MX,lacnic,2008-01-08,"AS11172 - Alestra, S. de R.L. de C.V., MX"
11172,2001:1248:4dbf:f02b:6231:5247:b991:84ea,2001:1248:4d80::/42,MX,lacnic,2008-01-08,"AS11172 - Alestra, S. de R.L. de C.V., MX"
11172,2001:1248:4dbf:f02e:5212:1210:bb1a:e59a,2001:1248:4d80::/42,MX,lacnic,2008-01-08,"AS11172 - Alestra, S. de R.L. de C.V., MX"
11172,2001:1248:4dbf:f031:d91:2f22:e53c:7c5a,2001:1248:4d80::/42,MX,lacnic,2008-01-08,"AS11172 - Alestra, S. de R.L. de C.V., MX"
11172,2001:1248:4dbf:f034:f10a:ec46:20f5:c10a,2001:1248:4d80::/42,MX,lacnic,2008-01-08,"AS11172 - Alestra, S. de R.L. de C.V., MX"
11172,2001:1248:4dbf:f035:d977:44de:ca75:2c7a,2001:1248:4d80::/42,MX,lacnic,2008-01-08,"AS11172 - Alestra, S. de R.L. de C.V., MX"
11172,2001:1248:4dbf:f036:ed98:8e73:572b:ceca,2001:1248:4d80::/42,MX,lacnic,2008-01-08,"AS11172 - Alestra, S. de R.L. de C.V., MX"
11172,2001:1248:4dbf:f037:4453:fa67:f5b9:68a,2001:1248:4d80::/42,MX,lacnic,2008-01-08,"AS11172 - Alestra, S. de R.L. de C.V., MX"
11172,2001:1248:4dbf:f03b:6c57:eb5e:d9b2:410a,2001:1248:4d80::/42,MX,lacnic,2008-01-08,"AS11172 - Alestra, S. de R.L. de C.V., MX"
11172,2001:1248:4dff:f000:9aad:3c9:b541:eda,2001:1248:4dc0::/42,MX,lacnic,2008-01-08,"AS11172 - Alestra, S. de R.L. de C.V., MX"
11172,2001:1248:4dff:f003:95ad:1166:f07b:e2ea,2001:1248:4dc0::/42,MX,lacnic,2008-01-08,"AS11172 - Alestra, S. de R.L. de C.V., MX"
11172,2001:1248:4dff:f00c:a347:856b:a2f3:2a6a,2001:1248:4dc0::/42,MX,lacnic,2008-01-08,"AS11172 - Alestra, S. de R.L. de C.V., MX"
11172,2001:1248:4dff:f00f:3cb7:4cde:5ad8:dd6a,2001:1248:4dc0::/42,MX,lacnic,2008-01-08,"AS11172 - Alestra, S. de R.L. de C.V., MX"
11172,2001:1248:4dff:f016:dd7c:fb69:59c8:b0ea,2001:1248:4dc0::/42,MX,lacnic,2008-01-08,"AS11172 - Alestra, S. de R.L. de C.V., MX"
11172,2001:1248:4dff:f01a:1978:f8df:20bb:fa8a,2001:1248:4dc0::/42,MX,lacnic,2008-01-08,"AS11172 - Alestra, S. de R.L. de C.V., MX"
11172,2001:1248:4dff:f024:96ce:2984:edfe:c10a,2001:1248:4dc0::/42,MX,lacnic,2008-01-08,"AS11172 - Alestra, S. de R.L. de C.V., MX"
11172,2001:1248:4dff:f02a:a2dd:ed0a:5034:e56a,2001:1248:4dc0::/42,MX,lacnic,2008-01-08,"AS11172 - Alestra, S. de R.L. de C.V., MX"
11172,2001:1248:4f3f:f000:2fec:92ad:2530:e10a,2001:1248:4f00::/42,MX,lacnic,2008-01-08,"AS11172 - Alestra, S. de R.L. de C.V., MX"
11172,2001:1248:4f49::1,2001:1248:4f40::/42,MX,lacnic,2008-01-08,"AS11172 - Alestra, S. de R.L. de C.V., MX"
11172,2001:1248:4f53::1,2001:1248:4f40::/42,MX,lacnic,2008-01-08,"AS11172 - Alestra, S. de R.L. de C.V., MX"
11172,2001:1248:4f61::1,2001:1248:4f40::/42,MX,lacnic,2008-01-08,"AS11172 - Alestra, S. de R.L. de C.V., MX"
11172,2001:1248:4f79::1,2001:1248:4f40::/42,MX,lacnic,2008-01-08,"AS11172 - Alestra, S. de R.L. de C.V., MX"
11172,2001:1248:4f7f:f003:dd55:8f5a:2e4b:8b7b,2001:1248:4f40::/42,MX,lacnic,2008-01-08,"AS11172 - Alestra, S. de R.L. de C.V., MX"
11172,2001:1248:4f7f:f009:7fbc:e34e:6511:6001,2001:1248:4f40::/42,MX,lacnic,2008-01-08,"AS11172 - Alestra, S. de R.L. de C.V., MX"
11172,2001:1248:4f7f:f013::2,2001:1248:4f40::/42,MX,lacnic,2008-01-08,"AS11172 - Alestra, S. de R.L. de C.V., MX"
11172,2001:1248:4f7f:f021:c0ec:493f:c324:f10a,2001:1248:4f40::/42,MX,lacnic,2008-01-08,"AS11172 - Alestra, S. de R.L. de C.V., MX"
11172,2001:1248:4f7f:f039:f24c:7563:c773:6001,2001:1248:4f40::/42,MX,lacnic,2008-01-08,"AS11172 - Alestra, S. de R.L. de C.V., MX"
11172,2001:1248:4fab::1,2001:1248:4f80::/42,MX,lacnic,2008-01-08,"AS11172 - Alestra, S. de R.L. de C.V., MX"
11172,2001:1248:4fbf:f022:db17:798b:fb41:b10a,2001:1248:4f80::/42,MX,lacnic,2008-01-08,"AS11172 - Alestra, S. de R.L. de C.V., MX"
11172,2001:1248:4fbf:f02b:962b:8360:a347:410a,2001:1248:4f80::/42,MX,lacnic,2008-01-08,"AS11172 - Alestra, S. de R.L. de C.V., MX"
11172,2001:1248:4fff:f028:2d41:6df:fadd:f10b,2001:1248:4fc0::/42,MX,lacnic,2008-01-08,"AS11172 - Alestra, S. de R.L. de C.V., MX"
11172,2001:1248:4fff:f037:dddc:c4dc:f7a3:f10a,2001:1248:4fc0::/42,MX,lacnic,2008-01-08,"AS11172 - Alestra, S. de R.L. de C.V., MX"
11172,2001:1248:557f:f00c:ce7b:f37:2fe2:10b,2001:1248:5540::/42,MX,lacnic,2008-01-08,"AS11172 - Alestra, S. de R.L. de C.V., MX"
11172,2001:1248:557f:f016:2483:d32c:144a:b001,2001:1248:5540::/42,MX,lacnic,2008-01-08,"AS11172 - Alestra, S. de R.L. de C.V., MX"
11172,2001:1248:557f:f025:bbf2:31b0:643:d10a,2001:1248:5540::/42,MX,lacnic,2008-01-08,"AS11172 - Alestra, S. de R.L. de C.V., MX"
11172,2001:1248:557f:f042:6dc:a268:7ed8:62ca,2001:1248:5540::/42,MX,lacnic,2008-01-08,"AS11172 - Alestra, S. de R.L. de C.V., MX"
11172,2001:1248:55e3::1,2001:1248:55c0::/42,MX,lacnic,2008-01-08,"AS11172 - Alestra, S. de R.L. de C.V., MX"
11172,2001:1248:55f5::1,2001:1248:55c0::/42,MX,lacnic,2008-01-08,"AS11172 - Alestra, S. de R.L. de C.V., MX"
11172,2001:1248:55ff:f02e:38d6:fc0:f334:d6da,2001:1248:55c0::/42,MX,lacnic,2008-01-08,"AS11172 - Alestra, S. de R.L. de C.V., MX"
11172,2001:1248:55ff:f035:7f8e:5d62:2b4:8001,2001:1248:55c0::/42,MX,lacnic,2008-01-08,"AS11172 - Alestra, S. de R.L. de C.V., MX"
11172,2001:1248:56ff:f005:a5eb:d1f6:329:710a,2001:1248:56c0::/42,MX,lacnic,2008-01-08,"AS11172 - Alestra, S. de R.L. de C.V., MX"
11172,2001:1248:56ff:f005:a5eb:d1f6:329:710b,2001:1248:56c0::/42,MX,lacnic,2008-01-08,"AS11172 - Alestra, S. de R.L. de C.V., MX"
11172,2001:1248:572f::1,2001:1248:5700::/42,MX,lacnic,2008-01-08,"AS11172 - Alestra, S. de R.L. de C.V., MX"
11172,2001:1248:573f:f006:b2a1:2505:a01a:910a,2001:1248:5700::/42,MX,lacnic,2008-01-08,"AS11172 - Alestra, S. de R.L. de C.V., MX"
11172,2001:1248:573f:f02f:bc87:21e7:e795:a001,2001:1248:5700::/42,MX,lacnic,2008-01-08,"AS11172 - Alestra, S. de R.L. de C.V., MX"
11172,2001:1248:577f:f002:ce4d:a3c2:7586:6001,2001:1248:5740::/42,MX,lacnic,2008-01-08,"AS11172 - Alestra, S. de R.L. de C.V., MX"
11172,2001:1248:577f:f018:fead:301b:1b76:2001,2001:1248:5740::/42,MX,lacnic,2008-01-08,"AS11172 - Alestra, S. de R.L. de C.V., MX"
11172,2001:1248:577f:f018:fead:301b:1b76:210a,2001:1248:5740::/42,MX,lacnic,2008-01-08,"AS11172 - Alestra, S. de R.L. de C.V., MX"
11172,2001:1248:5948::1,2001:1248:5940::/42,MX,lacnic,2008-01-08,"AS11172 - Alestra, S. de R.L. de C.V., MX"
11172,2001:1248:597f:f008:a42c:c739:41d4:3001,2001:1248:5940::/42,MX,lacnic,2008-01-08,"AS11172 - Alestra, S. de R.L. de C.V., MX"
11172,2001:1248:597f:f019:20e7:a568:7d84:f001,2001:1248:5940::/42,MX,lacnic,2008-01-08,"AS11172 - Alestra, S. de R.L. de C.V., MX"
11172,2001:1248:59a3::1,2001:1248:5980::/42,MX,lacnic,2008-01-08,"AS11172 - Alestra, S. de R.L. de C.V., MX"
11172,2001:1248:59bf:f009:d750:461a:a213:24a,2001:1248:5980::/42,MX,lacnic,2008-01-08,"AS11172 - Alestra, S. de R.L. de C.V., MX"
11172,2001:1248:59bf:f02d:caca:7575:4b23:1001,2001:1248:5980::/42,MX,lacnic,2008-01-08,"AS11172 - Alestra, S. de R.L. de C.V., MX"
11172,2001:1248:59f4::1,2001:1248:59c0::/42,MX,lacnic,2008-01-08,"AS11172 - Alestra, S. de R.L. de C.V., MX"
11172,2001:1248:59ff:f034:c74e:a54b:b55c:1,2001:1248:59c0::/42,MX,lacnic,2008-01-08,"AS11172 - Alestra, S. de R.L. de C.V., MX"
11172,2001:1248:59ff:f035:2653:74a5:94b4:9001,2001:1248:59c0::/42,MX,lacnic,2008-01-08,"AS11172 - Alestra, S. de R.L. de C.V., MX"
11172,2001:1248:5a18::1,2001:1248:5a18::/48,MX,lacnic,2008-01-08,"AS11172 - Alestra, S. de R.L. de C.V., MX"
11172,2001:1248:5a3f:f018:cd4c:db5:57e9:3001,2001:1248:5a00::/42,MX,lacnic,2008-01-08,"AS11172 - Alestra, S. de R.L. de C.V., MX"
11172,2001:1248:5a3f:f018:cd4c:db5:57e9:310a,2001:1248:5a00::/42,MX,lacnic,2008-01-08,"AS11172 - Alestra, S. de R.L. de C.V., MX"
11172,2001:1248:5a3f:f01f:9bd2:ca0f:7912:3001,2001:1248:5a00::/42,MX,lacnic,2008-01-08,"AS11172 - Alestra, S. de R.L. de C.V., MX"
11172,2001:1248:5aff:f022:76c0:7f70:93b0:c10a,2001:1248:5ac0::/42,MX,lacnic,2008-01-08,"AS11172 - Alestra, S. de R.L. de C.V., MX"
11172,2001:1248:5b51::1,2001:1248:5b40::/42,MX,lacnic,2008-01-08,"AS11172 - Alestra, S. de R.L. de C.V., MX"
11172,2001:1248:5b76::1,2001:1248:5b40::/42,MX,lacnic,2008-01-08,"AS11172 - Alestra, S. de R.L. de C.V., MX"
11172,2001:1248:5b7f:f00a:50cc:f23a:cb30:610a,2001:1248:5b40::/42,MX,lacnic,2008-01-08,"AS11172 - Alestra, S. de R.L. de C.V., MX"
11172,2001:1248:5b7f:f011:fb13:78c3:3f13:4001,2001:1248:5b40::/42,MX,lacnic,2008-01-08,"AS11172 - Alestra, S. de R.L. de C.V., MX"
11172,2001:1248:5b7f:f036:ce67:d78c:37be:f001,2001:1248:5b40::/42,MX,lacnic,2008-01-08,"AS11172 - Alestra, S. de R.L. de C.V., MX"
11172,2001:1248:5b7f:f036:ce67:d78c:37be:f17f,2001:1248:5b40::/42,MX,lacnic,2008-01-08,"AS11172 - Alestra, S. de R.L. de C.V., MX"
11172,2001:1248:5b8a::1,2001:1248:5b80::/42,MX,lacnic,2008-01-08,"AS11172 - Alestra, S. de R.L. de C.V., MX"
11172,2001:1248:5bbf:f01a:7e10:a506:61e2:510a,2001:1248:5b80::/42,MX,lacnic,2008-01-08,"AS11172 - Alestra, S. de R.L. de C.V., MX"
11172,2001:1248:5bbf:f03a:f468:fd8d:d1c8:4001,2001:1248:5b80::/42,MX,lacnic,2008-01-08,"AS11172 - Alestra, S. de R.L. de C.V., MX"
11172,2001:1248:5bbf:f03a:f468:fd8d:d1c8:417b,2001:1248:5b80::/42,MX,lacnic,2008-01-08,"AS11172 - Alestra, S. de R.L. de C.V., MX"
11172,2001:1248:5bbf:f03a:f468:fd8d:d1c8:417f,2001:1248:5b80::/42,MX,lacnic,2008-01-08,"AS11172 - Alestra, S. de R.L. de C.V., MX"
11172,2001:1248:5c0e::1,2001:1248:5c00::/42,MX,lacnic,2008-01-08,"AS11172 - Alestra, S. de R.L. de C.V., MX"
11172,2001:1248:5c1b::1,2001:1248:5c00::/42,MX,lacnic,2008-01-08,"AS11172 - Alestra, S. de R.L. de C.V., MX"
11172,2001:1248:5c2f::1,2001:1248:5c00::/42,MX,lacnic,2008-01-08,"AS11172 - Alestra, S. de R.L. de C.V., MX"
11172,2001:1248:5c3f:f002:f6c:238d:dfc7:d10a,2001:1248:5c00::/42,MX,lacnic,2008-01-08,"AS11172 - Alestra, S. de R.L. de C.V., MX"
11172,2001:1248:5c3f:f009:3fa8:f9:70a5:510a,2001:1248:5c00::/42,MX,lacnic,2008-01-08,"AS11172 - Alestra, S. de R.L. de C.V., MX"
11172,2001:1248:5c3f:f00c:3af6:eff:f200:210a,2001:1248:5c00::/42,MX,lacnic,2008-01-08,"AS11172 - Alestra, S. de R.L. de C.V., MX"
11172,2001:1248:5c3f:f00e:7d5b:832:3629:e001,2001:1248:5c00::/42,MX,lacnic,2008-01-08,"AS11172 - Alestra, S. de R.L. de C.V., MX"
11172,2001:1248:5c3f:f00e:7d5b:832:3629:e10a,2001:1248:5c00::/42,MX,lacnic,2008-01-08,"AS11172 - Alestra, S. de R.L. de C.V., MX"
11172,2001:1248:5c3f:f010:7543:b75f:7d55:5a6a,2001:1248:5c00::/42,MX,lacnic,2008-01-08,"AS11172 - Alestra, S. de R.L. de C.V., MX"
11172,2001:1248:5c3f:f019:1844:f17a:a8db:310a,2001:1248:5c00::/42,MX,lacnic,2008-01-08,"AS11172 - Alestra, S. de R.L. de C.V., MX"
11172,2001:1248:5c3f:f01a:6ca8:c174:b249:1aba,2001:1248:5c00::/42,MX,lacnic,2008-01-08,"AS11172 - Alestra, S. de R.L. de C.V., MX"
11172,2001:1248:5c3f:f01f:5ab1:da83:5db0:ab3a,2001:1248:5c00::/42,MX,lacnic,2008-01-08,"AS11172 - Alestra, S. de R.L. de C.V., MX"
11172,2001:1248:5c3f:f021:e13e:52db:aabd:310a,2001:1248:5c00::/42,MX,lacnic,2008-01-08,"AS11172 - Alestra, S. de R.L. de C.V., MX"
11172,2001:1248:5c3f:f025:b5:7d07:d50c:7b7a,2001:1248:5c00::/42,MX,lacnic,2008-01-08,"AS11172 - Alestra, S. de R.L. de C.V., MX"
11172,2001:1248:5c3f:f026:1e3b:1d64:fe87:22ca,2001:1248:5c00::/42,MX,lacnic,2008-01-08,"AS11172 - Alestra, S. de R.L. de C.V., MX"
11172,2001:1248:5c3f:f02a:eef0:2cdc:e48c:910a,2001:1248:5c00::/42,MX,lacnic,2008-01-08,"AS11172 - Alestra, S. de R.L. de C.V., MX"
11172,2001:1248:5c3f:f02e:be81:5b81:acf8:c001,2001:1248:5c00::/42,MX,lacnic,2008-01-08,"AS11172 - Alestra, S. de R.L. de C.V., MX"
11172,2001:1248:5c3f:f02e:be81:5b81:acf8:c10a,2001:1248:5c00::/42,MX,lacnic,2008-01-08,"AS11172 - Alestra, S. de R.L. de C.V., MX"
11172,2001:1248:5c3f:f02f:842:51bb:c191:d10a,2001:1248:5c00::/42,MX,lacnic,2008-01-08,"AS11172 - Alestra, S. de R.L. de C.V., MX"
11172,2001:1248:5c3f:f036:ea67:d143:9824:9001,2001:1248:5c00::/42,MX,lacnic,2008-01-08,"AS11172 - Alestra, S. de R.L. de C.V., MX"
11172,2001:1248:5c3f:f036:ea67:d143:9824:910a,2001:1248:5c00::/42,MX,lacnic,2008-01-08,"AS11172 - Alestra, S. de R.L. de C.V., MX"
11172,2001:1248:5c3f:f038:51:fb63:27ee:e76a,2001:1248:5c00::/42,MX,lacnic,2008-01-08,"AS11172 - Alestra, S. de R.L. de C.V., MX"
11172,2001:1248:5c3f:f03b:867d:222f:8338:dd9a,2001:1248:5c00::/42,MX,lacnic,2008-01-08,"AS11172 - Alestra, S. de R.L. de C.V., MX"
11172,2001:1248:5c3f:f03e:da14:58a7:ca51:f10a,2001:1248:5c00::/42,MX,lacnic,2008-01-08,"AS11172 - Alestra, S. de R.L. de C.V., MX"
11172,2001:1248:5c42::1,2001:1248:5c40::/42,MX,lacnic,2008-01-08,"AS11172 - Alestra, S. de R.L. de C.V., MX"
11172,2001:1248:5c51::1,2001:1248:5c40::/42,MX,lacnic,2008-01-08,"AS11172 - Alestra, S. de R.L. de C.V., MX"
11172,2001:1248:5c6c::1,2001:1248:5c40::/42,MX,lacnic,2008-01-08,"AS11172 - Alestra, S. de R.L. de C.V., MX"
11172,2001:1248:5c7f:f000:cc81:1e93:911e:a10a,2001:1248:5c40::/42,MX,lacnic,2008-01-08,"AS11172 - Alestra, S. de R.L. de C.V., MX"
11172,2001:1248:5c7f:f002:cf13:71a1:7ecb:110a,2001:1248:5c40::/42,MX,lacnic,2008-01-08,"AS11172 - Alestra, S. de R.L. de C.V., MX"
11172,2001:1248:5c7f:f006:b563:c720:52e3:ed5a,2001:1248:5c40::/42,MX,lacnic,2008-01-08,"AS11172 - Alestra, S. de R.L. de C.V., MX"
11172,2001:1248:5c7f:f00a:9ac3:cf1:cb80:691a,2001:1248:5c40::/42,MX,lacnic,2008-01-08,"AS11172 - Alestra, S. de R.L. de C.V., MX"
11172,2001:1248:5c7f:f00d:a0da:d0d3:6cf0:e01a,2001:1248:5c40::/42,MX,lacnic,2008-01-08,"AS11172 - Alestra, S. de R.L. de C.V., MX"
11172,2001:1248:5c7f:f00f:4eee:b9ed:ea72:e10a,2001:1248:5c40::/42,MX,lacnic,2008-01-08,"AS11172 - Alestra, S. de R.L. de C.V., MX"
11172,2001:1248:5c7f:f010:c38d:30ca:7d98:b10a,2001:1248:5c40::/42,MX,lacnic,2008-01-08,"AS11172 - Alestra, S. de R.L. de C.V., MX"
11172,2001:1248:5c7f:f011:b77a:ce54:a9e7:5001,2001:1248:5c40::/42,MX,lacnic,2008-01-08,"AS11172 - Alestra, S. de R.L. de C.V., MX"
11172,2001:1248:5c7f:f011:b77a:ce54:a9e7:510a,2001:1248:5c40::/42,MX,lacnic,2008-01-08,"AS11172 - Alestra, S. de R.L. de C.V., MX"
11172,2001:1248:5c7f:f013:af3:aebe:c4a8:b10a,2001:1248:5c40::/42,MX,lacnic,2008-01-08,"AS11172 - Alestra, S. de R.L. de C.V., MX"
11172,2001:1248:5c7f:f015:6c15:485b:165f:c6a,2001:1248:5c40::/42,MX,lacnic,2008-01-08,"AS11172 - Alestra, S. de R.L. de C.V., MX"
11172,2001:1248:5c7f:f017:f2:fdff:86b3:110a,2001:1248:5c40::/42,MX,lacnic,2008-01-08,"AS11172 - Alestra, S. de R.L. de C.V., MX"
11172,2001:1248:5c7f:f019:f275:43fc:a938:96aa,2001:1248:5c40::/42,MX,lacnic,2008-01-08,"AS11172 - Alestra, S. de R.L. de C.V., MX"
11172,2001:1248:5c7f:f01c:a155:4e40:6571:92fa,2001:1248:5c40::/42,MX,lacnic,2008-01-08,"AS11172 - Alestra, S. de R.L. de C.V., MX"
11172,2001:1248:5c7f:f01d:8b43:fddd:1016:a10a,2001:1248:5c40::/42,MX,lacnic,2008-01-08,"AS11172 - Alestra, S. de R.L. de C.V., MX"
11172,2001:1248:5c7f:f01e:86b1:e999:a03c:a10a,2001:1248:5c40::/42,MX,lacnic,2008-01-08,"AS11172 - Alestra, S. de R.L. de C.V., MX"
11172,2001:1248:5c7f:f022:81d7:c468:1da2:910a,2001:1248:5c40::/42,MX,lacnic,2008-01-08,"AS11172 - Alestra, S. de R.L. de C.V., MX"
11172,2001:1248:5c7f:f027:80f1:2efe:ea63:310a,2001:1248:5c40::/42,MX,lacnic,2008-01-08,"AS11172 - Alestra, S. de R.L. de C.V., MX"
11172,2001:1248:5c7f:f029::201,2001:1248:5c40::/42,MX,lacnic,2008-01-08,"AS11172 - Alestra, S. de R.L. de C.V., MX"
11172,2001:1248:5c7f:f02e:966d:df33:773e:e5ea,2001:1248:5c40::/42,MX,lacnic,2008-01-08,"AS11172 - Alestra, S. de R.L. de C.V., MX"
11172,2001:1248:5c7f:f030:3a11:afef:6d17:610a,2001:1248:5c40::/42,MX,lacnic,2008-01-08,"AS11172 - Alestra, S. de R.L. de C.V., MX"
11172,2001:1248:5c7f:f036:da4:896f:652:70da,2001:1248:5c40::/42,MX,lacnic,2008-01-08,"AS11172 - Alestra, S. de R.L. de C.V., MX"
11172,2001:1248:5c7f:f037:c62e:cdba:619a:510a,2001:1248:5c40::/42,MX,lacnic,2008-01-08,"AS11172 - Alestra, S. de R.L. de C.V., MX"
11172,2001:1248:5c7f:f03e:a55a:eb3f:96b8:8001,2001:1248:5c40::/42,MX,lacnic,2008-01-08,"AS11172 - Alestra, S. de R.L. de C.V., MX"
11172,2001:1248:5c7f:f03e:a55a:eb3f:96b8:810a,2001:1248:5c40::/42,MX,lacnic,2008-01-08,"AS11172 - Alestra, S. de R.L. de C.V., MX"
11172,2001:1248:5cbf:f001:6db7:4bde:d853:d10a,2001:1248:5c80::/42,MX,lacnic,2008-01-08,"AS11172 - Alestra, S. de R.L. de C.V., MX"
11172,2001:1248:5cbf:f003:1c98:5aaa:6819:10a,2001:1248:5c80::/42,MX,lacnic,2008-01-08,"AS11172 - Alestra, S. de R.L. de C.V., MX"
11172,2001:1248:5cbf:f005:2d55:9d5c:df15:d10a,2001:1248:5c80::/42,MX,lacnic,2008-01-08,"AS11172 - Alestra, S. de R.L. de C.V., MX"
11172,2001:1248:5cbf:f008:5ff4:35a8:bb46:a10a,2001:1248:5c80::/42,MX,lacnic,2008-01-08,"AS11172 - Alestra, S. de R.L. de C.V., MX"
11172,2001:1248:5cbf:f00a:7483:9934:c6e1:afba,2001:1248:5c80::/42,MX,lacnic,2008-01-08,"AS11172 - Alestra, S. de R.L. de C.V., MX"
11172,2001:1248:5cbf:f00b:9b3e:2038:6c74:110a,2001:1248:5c80::/42,MX,lacnic,2008-01-08,"AS11172 - Alestra, S. de R.L. de C.V., MX"
11172,2001:1248:5cbf:f00c:2cb0:412d:9638:e80a,2001:1248:5c80::/42,MX,lacnic,2008-01-08,"AS11172 - Alestra, S. de R.L. de C.V., MX"
11172,2001:1248:5cbf:f00e:7614:1627:1a43:f10a,2001:1248:5c80::/42,MX,lacnic,2008-01-08,"AS11172 - Alestra, S. de R.L. de C.V., MX"
11172,2001:1248:5cbf:f00f:cb91:e9da:a723:501a,2001:1248:5c80::/42,MX,lacnic,2008-01-08,"AS11172 - Alestra, S. de R.L. de C.V., MX"
11172,2001:1248:5cbf:f010:293c:7031:8168:910a,2001:1248:5c80::/42,MX,lacnic,2008-01-08,"AS11172 - Alestra, S. de R.L. de C.V., MX"
11172,2001:1248:5cbf:f015:fcf0:a2c0:b9d8:f4a,2001:1248:5c80::/42,MX,lacnic,2008-01-08,"AS11172 - Alestra, S. de R.L. de C.V., MX"
11172,2001:1248:5cbf:f017:fafa:7e5b:4598:6fba,2001:1248:5c80::/42,MX,lacnic,2008-01-08,"AS11172 - Alestra, S. de R.L. de C.V., MX"
11172,2001:1248:5cbf:f01b:2fde:c737:458b:386a,2001:1248:5c80::/42,MX,lacnic,2008-01-08,"AS11172 - Alestra, S. de R.L. de C.V., MX"
11172,2001:1248:5cbf:f01d:6594:3fc7:b22b:f20a,2001:1248:5c80::/42,MX,lacnic,2008-01-08,"AS11172 - Alestra, S. de R.L. de C.V., MX"
11172,2001:1248:5cbf:f01e:87b8:9c1e:c1d9:710a,2001:1248:5c80::/42,MX,lacnic,2008-01-08,"AS11172 - Alestra, S. de R.L. de C.V., MX"
11172,2001:1248:5cbf:f01f:70bf:8cf9:2dd0:733a,2001:1248:5c80::/42,MX,lacnic,2008-01-08,"AS11172 - Alestra, S. de R.L. de C.V., MX"
11172,2001:1248:5cbf:f021:1ac2:267f:f048:f72a,2001:1248:5c80::/42,MX,lacnic,2008-01-08,"AS11172 - Alestra, S. de R.L. de C.V., MX"
11172,2001:1248:5cbf:f024:7163:9132:ec79:5c9a,2001:1248:5c80::/42,MX,lacnic,2008-01-08,"AS11172 - Alestra, S. de R.L. de C.V., MX"
11172,2001:1248:5cbf:f029:df75:6299:f299:b10a,2001:1248:5c80::/42,MX,lacnic,2008-01-08,"AS11172 - Alestra, S. de R.L. de C.V., MX"
11172,2001:1248:5cbf:f02e:787e:9d55:1cda:f52a,2001:1248:5c80::/42,MX,lacnic,2008-01-08,"AS11172 - Alestra, S. de R.L. de C.V., MX"
11172,2001:1248:5cbf:f035:8213:8aa:f9cd:510a,2001:1248:5c80::/42,MX,lacnic,2008-01-08,"AS11172 - Alestra, S. de R.L. de C.V., MX"
11172,2001:1248:5cbf:f037:a573:33bc:20d7:f0ba,2001:1248:5c80::/42,MX,lacnic,2008-01-08,"AS11172 - Alestra, S. de R.L. de C.V., MX"
11172,2001:1248:5cbf:f039:aa8c:4ab3:8374:310a,2001:1248:5c80::/42,MX,lacnic,2008-01-08,"AS11172 - Alestra, S. de R.L. de C.V., MX"
11172,2001:1248:5cbf:f03b:3332:1bac:85a4:f10a,2001:1248:5c80::/42,MX,lacnic,2008-01-08,"AS11172 - Alestra, S. de R.L. de C.V., MX"
11172,2001:1248:5cbf:f03c:3850:8503:e3:b3aa,2001:1248:5c80::/42,MX,lacnic,2008-01-08,"AS11172 - Alestra, S. de R.L. de C.V., MX"
11172,2001:1248:5cd8::1,2001:1248:5cc0::/42,MX,lacnic,2008-01-08,"AS11172 - Alestra, S. de R.L. de C.V., MX"
11172,2001:1248:5cec::1,2001:1248:5cc0::/42,MX,lacnic,2008-01-08,"AS11172 - Alestra, S. de R.L. de C.V., MX"
11172,2001:1248:5cff:f000:d1c4:8fa9:9713:dcba,2001:1248:5cc0::/42,MX,lacnic,2008-01-08,"AS11172 - Alestra, S. de R.L. de C.V., MX"
11172,2001:1248:5cff:f006:90be:a332:2b98:d28a,2001:1248:5cc0::/42,MX,lacnic,2008-01-08,"AS11172 - Alestra, S. de R.L. de C.V., MX"
11172,2001:1248:5cff:f009:e0f4:783a:59ce:410a,2001:1248:5cc0::/42,MX,lacnic,2008-01-08,"AS11172 - Alestra, S. de R.L. de C.V., MX"
11172,2001:1248:5cff:f010:c651:a619:8c8e:810a,2001:1248:5cc0::/42,MX,lacnic,2008-01-08,"AS11172 - Alestra, S. de R.L. de C.V., MX"
11172,2001:1248:5cff:f011:82af:91c3:5a01:524a,2001:1248:5cc0::/42,MX,lacnic,2008-01-08,"AS11172 - Alestra, S. de R.L. de C.V., MX"
11172,2001:1248:5cff:f017:5714:2975:8b94:52da,2001:1248:5cc0::/42,MX,lacnic,2008-01-08,"AS11172 - Alestra, S. de R.L. de C.V., MX"
11172,2001:1248:5cff:f018:449e:c7f5:aeb2:6b3a,2001:1248:5cc0::/42,MX,lacnic,2008-01-08,"AS11172 - Alestra, S. de R.L. de C.V., MX"
11172,2001:1248:5cff:f019:37f4:60fb:4adc:a85a,2001:1248:5cc0::/42,MX,lacnic,2008-01-08,"AS11172 - Alestra, S. de R.L. de C.V., MX"
11172,2001:1248:5cff:f01b:ab4e:6711:6637:bc7a,2001:1248:5cc0::/42,MX,lacnic,2008-01-08,"AS11172 - Alestra, S. de R.L. de C.V., MX"
11172,2001:1248:5cff:f01c:4290:d3aa:31d7:f10a,2001:1248:5cc0::/42,MX,lacnic,2008-01-08,"AS11172 - Alestra, S. de R.L. de C.V., MX"
11172,2001:1248:5cff:f020::201,2001:1248:5cc0::/42,MX,lacnic,2008-01-08,"AS11172 - Alestra, S. de R.L. de C.V., MX"
11172,2001:1248:5cff:f023:1a57:a640:63e2:a54a,2001:1248:5cc0::/42,MX,lacnic,2008-01-08,"AS11172 - Alestra, S. de R.L. de C.V., MX"
11172,2001:1248:5cff:f025:110b:c088:a54d:129a,2001:1248:5cc0::/42,MX,lacnic,2008-01-08,"AS11172 - Alestra, S. de R.L. de C.V., MX"
11172,2001:1248:5cff:f027:b976:b988:b096:410a,2001:1248:5cc0::/42,MX,lacnic,2008-01-08,"AS11172 - Alestra, S. de R.L. de C.V., MX"
11172,2001:1248:5cff:f028:5c3e:b434:e765:1eba,2001:1248:5cc0::/42,MX,lacnic,2008-01-08,"AS11172 - Alestra, S. de R.L. de C.V., MX"
11172,2001:1248:5cff:f02c:b56e:4cbc:43d5:efca,2001:1248:5cc0::/42,MX,lacnic,2008-01-08,"AS11172 - Alestra, S. de R.L. de C.V., MX"
11172,2001:1248:5cff:f030:6a8:917b:5e95:210a,2001:1248:5cc0::/42,MX,lacnic,2008-01-08,"AS11172 - Alestra, S. de R.L. de C.V., MX"
11172,2001:1248:5cff:f036:1d7:cb08:fb05:3cea,2001:1248:5cc0::/42,MX,lacnic,2008-01-08,"AS11172 - Alestra, S. de R.L. de C.V., MX"
11172,2001:1248:5cff:f03b:dae:60bd:e730:210a,2001:1248:5cc0::/42,MX,lacnic,2008-01-08,"AS11172 - Alestra, S. de R.L. de C.V., MX"
11172,2001:1248:5cff:f03c:77d2:25d5:c630:7d1a,2001:1248:5cc0::/42,MX,lacnic,2008-01-08,"AS11172 - Alestra, S. de R.L. de C.V., MX"
11172,2001:1248:5d08::1,2001:1248:5d00::/42,MX,lacnic,2008-01-08,"AS11172 - Alestra, S. de R.L. de C.V., MX"
11172,2001:1248:5d28::1,2001:1248:5d00::/42,MX,lacnic,2008-01-08,"AS11172 - Alestra, S. de R.L. de C.V., MX"
11172,2001:1248:5d3b::1,2001:1248:5d00::/42,MX,lacnic,2008-01-08,"AS11172 - Alestra, S. de R.L. de C.V., MX"
11172,2001:1248:5d3f:f003:4dbb:a159:aa14:510a,2001:1248:5d00::/42,MX,lacnic,2008-01-08,"AS11172 - Alestra, S. de R.L. de C.V., MX"
11172,2001:1248:5d3f:f004:6477:665e:195d:c17f,2001:1248:5d00::/42,MX,lacnic,2008-01-08,"AS11172 - Alestra, S. de R.L. de C.V., MX"
11172,2001:1248:5d3f:f005:44f9:a1cf:b0a6:717f,2001:1248:5d00::/42,MX,lacnic,2008-01-08,"AS11172 - Alestra, S. de R.L. de C.V., MX"
11172,2001:1248:5d3f:f008:d50a:1297:dfeb:8001,2001:1248:5d00::/42,MX,lacnic,2008-01-08,"AS11172 - Alestra, S. de R.L. de C.V., MX"
11172,2001:1248:5d3f:f008:d50a:1297:dfeb:810a,2001:1248:5d00::/42,MX,lacnic,2008-01-08,"AS11172 - Alestra, S. de R.L. de C.V., MX"
11172,2001:1248:5d3f:f00b:b68f:5963:3a22:c001,2001:1248:5d00::/42,MX,lacnic,2008-01-08,"AS11172 - Alestra, S. de R.L. de C.V., MX"
11172,2001:1248:5d3f:f00f:55c2:6169:a491:d17f,2001:1248:5d00::/42,MX,lacnic,2008-01-08,"AS11172 - Alestra, S. de R.L. de C.V., MX"
11172,2001:1248:5d3f:f010:e454:d751:d360:d17f,2001:1248:5d00::/42,MX,lacnic,2008-01-08,"AS11172 - Alestra, S. de R.L. de C.V., MX"
11172,2001:1248:5d3f:f011:2117:b29:39c0:e17f,2001:1248:5d00::/42,MX,lacnic,2008-01-08,"AS11172 - Alestra, S. de R.L. de C.V., MX"
11172,2001:1248:5d3f:f012:41f9:5d23:c145:817f,2001:1248:5d00::/42,MX,lacnic,2008-01-08,"AS11172 - Alestra, S. de R.L. de C.V., MX"
11172,2001:1248:5d3f:f015:7ff9:ec84:95b6:817f,2001:1248:5d00::/42,MX,lacnic,2008-01-08,"AS11172 - Alestra, S. de R.L. de C.V., MX"
11172,2001:1248:5d3f:f016:7d7f:8c6:16ac:e17f,2001:1248:5d00::/42,MX,lacnic,2008-01-08,"AS11172 - Alestra, S. de R.L. de C.V., MX"
11172,2001:1248:5d3f:f017:1c39:404f:53e1:917f,2001:1248:5d00::/42,MX,lacnic,2008-01-08,"AS11172 - Alestra, S. de R.L. de C.V., MX"
11172,2001:1248:5d3f:f019:5040:6430:d94c:317f,2001:1248:5d00::/42,MX,lacnic,2008-01-08,"AS11172 - Alestra, S. de R.L. de C.V., MX"
11172,2001:1248:5d3f:f01a:e01:f86b:9228:317f,2001:1248:5d00::/42,MX,lacnic,2008-01-08,"AS11172 - Alestra, S. de R.L. de C.V., MX"
11172,2001:1248:5d3f:f01b:8e9a:e3e8:ca03:117f,2001:1248:5d00::/42,MX,lacnic,2008-01-08,"AS11172 - Alestra, S. de R.L. de C.V., MX"
11172,2001:1248:5d3f:f01c:fc59:d032:ca76:817f,2001:1248:5d00::/42,MX,lacnic,2008-01-08,"AS11172 - Alestra, S. de R.L. de C.V., MX"
11172,2001:1248:5d3f:f025:d814:d9:f3f9:717f,2001:1248:5d00::/42,MX,lacnic,2008-01-08,"AS11172 - Alestra, S. de R.L. de C.V., MX"
11172,2001:1248:5d3f:f026:c292:4aab:6b1e:c17f,2001:1248:5d00::/42,MX,lacnic,2008-01-08,"AS11172 - Alestra, S. de R.L. de C.V., MX"
11172,2001:1248:5d3f:f028:32b:bafb:4285:10a,2001:1248:5d00::/42,MX,lacnic,2008-01-08,"AS11172 - Alestra, S. de R.L. de C.V., MX"
11172,2001:1248:5d3f:f029:20f0:6e77:7d9:c17f,2001:1248:5d00::/42,MX,lacnic,2008-01-08,"AS11172 - Alestra, S. de R.L. de C.V., MX"
11172,2001:1248:5d3f:f02f:9a30:7a25:cec3:c001,2001:1248:5d00::/42,MX,lacnic,2008-01-08,"AS11172 - Alestra, S. de R.L. de C.V., MX"
11172,2001:1248:5d3f:f030:b2a0:10a8:c73d:e001,2001:1248:5d00::/42,MX,lacnic,2008-01-08,"AS11172 - Alestra, S. de R.L. de C.V., MX"
11172,2001:1248:5d3f:f030:b2a0:10a8:c73d:e17f,2001:1248:5d00::/42,MX,lacnic,2008-01-08,"AS11172 - Alestra, S. de R.L. de C.V., MX"
11172,2001:1248:5d3f:f033:87f3:fcb7:2e55:517f,2001:1248:5d00::/42,MX,lacnic,2008-01-08,"AS11172 - Alestra, S. de R.L. de C.V., MX"
11172,2001:1248:5d3f:f035:8fd2:1b8a:15c3:317f,2001:1248:5d00::/42,MX,lacnic,2008-01-08,"AS11172 - Alestra, S. de R.L. de C.V., MX"
11172,2001:1248:5d3f:f036:9056:a560:3c6e:217f,2001:1248:5d00::/42,MX,lacnic,2008-01-08,"AS11172 - Alestra, S. de R.L. de C.V., MX"
11172,2001:1248:5d3f:f039:1ab6:3db6:9cfa:8001,2001:1248:5d00::/42,MX,lacnic,2008-01-08,"AS11172 - Alestra, S. de R.L. de C.V., MX"
11172,2001:1248:5d3f:f03b:118f:88ce:cbe:617f,2001:1248:5d00::/42,MX,lacnic,2008-01-08,"AS11172 - Alestra, S. de R.L. de C.V., MX"
11172,2001:1248:5d3f:f03c:b3b9:8ae3:e979:717f,2001:1248:5d00::/42,MX,lacnic,2008-01-08,"AS11172 - Alestra, S. de R.L. de C.V., MX"
11172,2001:1248:5d41::1,2001:1248:5d40::/42,MX,lacnic,2008-01-08,"AS11172 - Alestra, S. de R.L. de C.V., MX"
11172,2001:1248:5d46::1,2001:1248:5d40::/42,MX,lacnic,2008-01-08,"AS11172 - Alestra, S. de R.L. de C.V., MX"
11172,2001:1248:5d49::1,2001:1248:5d40::/42,MX,lacnic,2008-01-08,"AS11172 - Alestra, S. de R.L. de C.V., MX"
11172,2001:1248:5d53::1,2001:1248:5d40::/42,MX,lacnic,2008-01-08,"AS11172 - Alestra, S. de R.L. de C.V., MX"
11172,2001:1248:5d56::1,2001:1248:5d40::/42,MX,lacnic,2008-01-08,"AS11172 - Alestra, S. de R.L. de C.V., MX"
11172,2001:1248:5d57::1,2001:1248:5d40::/42,MX,lacnic,2008-01-08,"AS11172 - Alestra, S. de R.L. de C.V., MX"
11172,2001:1248:5d5a::1,2001:1248:5d40::/42,MX,lacnic,2008-01-08,"AS11172 - Alestra, S. de R.L. de C.V., MX"
11172,2001:1248:5d5c::1,2001:1248:5d40::/42,MX,lacnic,2008-01-08,"AS11172 - Alestra, S. de R.L. de C.V., MX"
11172,2001:1248:5d63::1,2001:1248:5d40::/42,MX,lacnic,2008-01-08,"AS11172 - Alestra, S. de R.L. de C.V., MX"
11172,2001:1248:5d67::1,2001:1248:5d40::/42,MX,lacnic,2008-01-08,"AS11172 - Alestra, S. de R.L. de C.V., MX"
11172,2001:1248:5d6c::1,2001:1248:5d40::/42,MX,lacnic,2008-01-08,"AS11172 - Alestra, S. de R.L. de C.V., MX"
11172,2001:1248:5d6d::1,2001:1248:5d40::/42,MX,lacnic,2008-01-08,"AS11172 - Alestra, S. de R.L. de C.V., MX"
11172,2001:1248:5d6e::1,2001:1248:5d40::/42,MX,lacnic,2008-01-08,"AS11172 - Alestra, S. de R.L. de C.V., MX"
11172,2001:1248:5d71::1,2001:1248:5d40::/42,MX,lacnic,2008-01-08,"AS11172 - Alestra, S. de R.L. de C.V., MX"
11172,2001:1248:5d7f:f001:acfd:ee94:61e5:4001,2001:1248:5d40::/42,MX,lacnic,2008-01-08,"AS11172 - Alestra, S. de R.L. de C.V., MX"
11172,2001:1248:5d7f:f001:acfd:ee94:61e5:417f,2001:1248:5d40::/42,MX,lacnic,2008-01-08,"AS11172 - Alestra, S. de R.L. de C.V., MX"
11172,2001:1248:5d7f:f005:bea8:29e8:93b4:c17f,2001:1248:5d40::/42,MX,lacnic,2008-01-08,"AS11172 - Alestra, S. de R.L. de C.V., MX"
11172,2001:1248:5d7f:f006:7b2c:4e96:1671:c17f,2001:1248:5d40::/42,MX,lacnic,2008-01-08,"AS11172 - Alestra, S. de R.L. de C.V., MX"
11172,2001:1248:5d7f:f008:b02c:5af8:a941:110a,2001:1248:5d40::/42,MX,lacnic,2008-01-08,"AS11172 - Alestra, S. de R.L. de C.V., MX"
11172,2001:1248:5d7f:f00a:8202:9884:60c1:f17f,2001:1248:5d40::/42,MX,lacnic,2008-01-08,"AS11172 - Alestra, S. de R.L. de C.V., MX"
11172,2001:1248:5d7f:f00c:2f43:994d:fb70:f10a,2001:1248:5d40::/42,MX,lacnic,2008-01-08,"AS11172 - Alestra, S. de R.L. de C.V., MX"
11172,2001:1248:5d7f:f00e:8144:251b:4591:e17f,2001:1248:5d40::/42,MX,lacnic,2008-01-08,"AS11172 - Alestra, S. de R.L. de C.V., MX"
11172,2001:1248:5d7f:f00f:e045:c89f:9a3f:717f,2001:1248:5d40::/42,MX,lacnic,2008-01-08,"AS11172 - Alestra, S. de R.L. de C.V., MX"
11172,2001:1248:5d7f:f013:c58c:3e34:899f:8001,2001:1248:5d40::/42,MX,lacnic,2008-01-08,"AS11172 - Alestra, S. de R.L. de C.V., MX"
11172,2001:1248:5d7f:f013:c58c:3e34:899f:817f,2001:1248:5d40::/42,MX,lacnic,2008-01-08,"AS11172 - Alestra, S. de R.L. de C.V., MX"
11172,2001:1248:5d7f:f016:1f59:d518:6c7f:a001,2001:1248:5d40::/42,MX,lacnic,2008-01-08,"AS11172 - Alestra, S. de R.L. de C.V., MX"
11172,2001:1248:5d7f:f016:1f59:d518:6c7f:a10a,2001:1248:5d40::/42,MX,lacnic,2008-01-08,"AS11172 - Alestra, S. de R.L. de C.V., MX"
11172,2001:1248:5d7f:f017:9568:5f03:1fbd:9001,2001:1248:5d40::/42,MX,lacnic,2008-01-08,"AS11172 - Alestra, S. de R.L. de C.V., MX"
11172,2001:1248:5d7f:f017:9568:5f03:1fbd:910a,2001:1248:5d40::/42,MX,lacnic,2008-01-08,"AS11172 - Alestra, S. de R.L. de C.V., MX"
11172,2001:1248:5d7f:f019:a7ee:5890:ac8d:917f,2001:1248:5d40::/42,MX,lacnic,2008-01-08,"AS11172 - Alestra, S. de R.L. de C.V., MX"
11172,2001:1248:5d7f:f01a:756b:110:6654:d001,2001:1248:5d40::/42,MX,lacnic,2008-01-08,"AS11172 - Alestra, S. de R.L. de C.V., MX"
11172,2001:1248:5d7f:f01a:756b:110:6654:d10a,2001:1248:5d40::/42,MX,lacnic,2008-01-08,"AS11172 - Alestra, S. de R.L. de C.V., MX"
11172,2001:1248:5d7f:f01c:40a0:5dfd:6ae9:2001,2001:1248:5d40::/42,MX,lacnic,2008-01-08,"AS11172 - Alestra, S. de R.L. de C.V., MX"
11172,2001:1248:5d7f:f01c:40a0:5dfd:6ae9:210a,2001:1248:5d40::/42,MX,lacnic,2008-01-08,"AS11172 - Alestra, S. de R.L. de C.V., MX"
11172,2001:1248:5d7f:f01e:b300:c6e7:c80e:f10a,2001:1248:5d40::/42,MX,lacnic,2008-01-08,"AS11172 - Alestra, S. de R.L. de C.V., MX"
11172,2001:1248:5d7f:f020:b2f9:6ff1:eea:f10a,2001:1248:5d40::/42,MX,lacnic,2008-01-08,"AS11172 - Alestra, S. de R.L. de C.V., MX"
11172,2001:1248:5d7f:f023:7cc2:8f4b:6948:1,2001:1248:5d40::/42,MX,lacnic,2008-01-08,"AS11172 - Alestra, S. de R.L. de C.V., MX"
11172,2001:1248:5d7f:f023:7cc2:8f4b:6948:10a,2001:1248:5d40::/42,MX,lacnic,2008-01-08,"AS11172 - Alestra, S. de R.L. de C.V., MX"
11172,2001:1248:5d7f:f025:6608:fbd6:79c6:b10a,2001:1248:5d40::/42,MX,lacnic,2008-01-08,"AS11172 - Alestra, S. de R.L. de C.V., MX"
11172,2001:1248:5d7f:f026:c73e:25a8:6e06:610a,2001:1248:5d40::/42,MX,lacnic,2008-01-08,"AS11172 - Alestra, S. de R.L. de C.V., MX"
11172,2001:1248:5d7f:f027:940c:a6c:f4d6:7001,2001:1248:5d40::/42,MX,lacnic,2008-01-08,"AS11172 - Alestra, S. de R.L. de C.V., MX"
11172,2001:1248:5d7f:f027:940c:a6c:f4d6:710a,2001:1248:5d40::/42,MX,lacnic,2008-01-08,"AS11172 - Alestra, S. de R.L. de C.V., MX"
11172,2001:1248:5d7f:f028:b55b:baa8:7e94:110a,2001:1248:5d40::/42,MX,lacnic,2008-01-08,"AS11172 - Alestra, S. de R.L. de C.V., MX"
11172,2001:1248:5d7f:f02b:4005:121d:b37f:417f,2001:1248:5d40::/42,MX,lacnic,2008-01-08,"AS11172 - Alestra, S. de R.L. de C.V., MX"
11172,2001:1248:5d7f:f02c:dfac:f30b:359b:b001,2001:1248:5d40::/42,MX,lacnic,2008-01-08,"AS11172 - Alestra, S. de R.L. de C.V., MX"
11172,2001:1248:5d7f:f02d:14a6:fb9:300e:5001,2001:1248:5d40::/42,MX,lacnic,2008-01-08,"AS11172 - Alestra, S. de R.L. de C.V., MX"
11172,2001:1248:5d7f:f02d:14a6:fb9:300e:510a,2001:1248:5d40::/42,MX,lacnic,2008-01-08,"AS11172 - Alestra, S. de R.L. de C.V., MX"
11172,2001:1248:5d7f:f02e:796:5ce4:fb64:4001,2001:1248:5d40::/42,MX,lacnic,2008-01-08,"AS11172 - Alestra, S. de R.L. de C.V., MX"
11172,2001:1248:5d7f:f02e:796:5ce4:fb64:410a,2001:1248:5d40::/42,MX,lacnic,2008-01-08,"AS11172 - Alestra, S. de R.L. de C.V., MX"
11172,2001:1248:5d7f:f02f:7a4b:cfee:6ab5:d10a,2001:1248:5d40::/42,MX,lacnic,2008-01-08,"AS11172 - Alestra, S. de R.L. de C.V., MX"
11172,2001:1248:5d7f:f031:a685:abf8:5584:c001,2001:1248:5d40::/42,MX,lacnic,2008-01-08,"AS11172 - Alestra, S. de R.L. de C.V., MX"
11172,2001:1248:5d7f:f031:a685:abf8:5584:c10a,2001:1248:5d40::/42,MX,lacnic,2008-01-08,"AS11172 - Alestra, S. de R.L. de C.V., MX"
11172,2001:1248:5d7f:f036:6c9a:552f:7f18:410a,2001:1248:5d40::/42,MX,lacnic,2008-01-08,"AS11172 - Alestra, S. de R.L. de C.V., MX"
11172,2001:1248:5d7f:f037:5a9e:ad1f:7c5d:710a,2001:1248:5d40::/42,MX,lacnic,2008-01-08,"AS11172 - Alestra, S. de R.L. de C.V., MX"
11172,2001:1248:5d7f:f038:ce37:b8d8:f5b1:810a,2001:1248:5d40::/42,MX,lacnic,2008-01-08,"AS11172 - Alestra, S. de R.L. de C.V., MX"
11172,2001:1248:5d7f:f03a:ab8c:bf4e:4698:410a,2001:1248:5d40::/42,MX,lacnic,2008-01-08,"AS11172 - Alestra, S. de R.L. de C.V., MX"
11172,2001:1248:5d7f:f03d:572d:3108:de64:e17f,2001:1248:5d40::/42,MX,lacnic,2008-01-08,"AS11172 - Alestra, S. de R.L. de C.V., MX"
11172,2001:1248:5d7f:f03e:e8ea:f93c:6082:b10a,2001:1248:5d40::/42,MX,lacnic,2008-01-08,"AS11172 - Alestra, S. de R.L. de C.V., MX"
11172,2001:1248:5d91::1,2001:1248:5d80::/42,MX,lacnic,2008-01-08,"AS11172 - Alestra, S. de R.L. de C.V., MX"
11172,2001:1248:5d9e::1,2001:1248:5d80::/42,MX,lacnic,2008-01-08,"AS11172 - Alestra, S. de R.L. de C.V., MX"
11172,2001:1248:5da3::1,2001:1248:5d80::/42,MX,lacnic,2008-01-08,"AS11172 - Alestra, S. de R.L. de C.V., MX"
11172,2001:1248:5dbf:f001:6d60:c568:d5ef:410a,2001:1248:5d80::/42,MX,lacnic,2008-01-08,"AS11172 - Alestra, S. de R.L. de C.V., MX"
11172,2001:1248:5dbf:f002:16ee:6ac9:3960:c10a,2001:1248:5d80::/42,MX,lacnic,2008-01-08,"AS11172 - Alestra, S. de R.L. de C.V., MX"
11172,2001:1248:5dbf:f003:3b42:3eda:47fd:e10a,2001:1248:5d80::/42,MX,lacnic,2008-01-08,"AS11172 - Alestra, S. de R.L. de C.V., MX"
11172,2001:1248:5dbf:f006:2fa:903:884e:b10a,2001:1248:5d80::/42,MX,lacnic,2008-01-08,"AS11172 - Alestra, S. de R.L. de C.V., MX"
11172,2001:1248:5dbf:f007:fb2d:2a30:5001:810a,2001:1248:5d80::/42,MX,lacnic,2008-01-08,"AS11172 - Alestra, S. de R.L. de C.V., MX"
11172,2001:1248:5dbf:f008:639d:fc6f:e715:910a,2001:1248:5d80::/42,MX,lacnic,2008-01-08,"AS11172 - Alestra, S. de R.L. de C.V., MX"
11172,2001:1248:5dbf:f009:1ca1:de8c:5c0a:a10a,2001:1248:5d80::/42,MX,lacnic,2008-01-08,"AS11172 - Alestra, S. de R.L. de C.V., MX"
11172,2001:1248:5dbf:f00b:3e30:a743:64cf:10a,2001:1248:5d80::/42,MX,lacnic,2008-01-08,"AS11172 - Alestra, S. de R.L. de C.V., MX"
11172,2001:1248:5dbf:f00c:3800:87b4:8c75:610a,2001:1248:5d80::/42,MX,lacnic,2008-01-08,"AS11172 - Alestra, S. de R.L. de C.V., MX"
11172,2001:1248:5dbf:f00d:d618:b573:d04:f10a,2001:1248:5d80::/42,MX,lacnic,2008-01-08,"AS11172 - Alestra, S. de R.L. de C.V., MX"
11172,2001:1248:5dbf:f00e:4d6d:65b8:71fe:510a,2001:1248:5d80::/42,MX,lacnic,2008-01-08,"AS11172 - Alestra, S. de R.L. de C.V., MX"
11172,2001:1248:5dbf:f00f:9fd:21bc:10bc:f17f,2001:1248:5d80::/42,MX,lacnic,2008-01-08,"AS11172 - Alestra, S. de R.L. de C.V., MX"
11172,2001:1248:5dbf:f011:81e4:ee35:458d:e001,2001:1248:5d80::/42,MX,lacnic,2008-01-08,"AS11172 - Alestra, S. de R.L. de C.V., MX"
11172,2001:1248:5dbf:f012:18e2:7720:88a8:510a,2001:1248:5d80::/42,MX,lacnic,2008-01-08,"AS11172 - Alestra, S. de R.L. de C.V., MX"
11172,2001:1248:5dbf:f013:7248:69c6:5496:210a,2001:1248:5d80::/42,MX,lacnic,2008-01-08,"AS11172 - Alestra, S. de R.L. de C.V., MX"
11172,2001:1248:5dbf:f015:ca1a:25dd:f737:610a,2001:1248:5d80::/42,MX,lacnic,2008-01-08,"AS11172 - Alestra, S. de R.L. de C.V., MX"
11172,2001:1248:5dbf:f016:10b0:b0e0:4e9d:f17f,2001:1248:5d80::/42,MX,lacnic,2008-01-08,"AS11172 - Alestra, S. de R.L. de C.V., MX"
11172,2001:1248:5dbf:f018:9c45:4499:b6dd:710a,2001:1248:5d80::/42,MX,lacnic,2008-01-08,"AS11172 - Alestra, S. de R.L. de C.V., MX"
11172,2001:1248:5dbf:f019:5da0:6e09:af68:617f,2001:1248:5d80::/42,MX,lacnic,2008-01-08,"AS11172 - Alestra, S. de R.L. de C.V., MX"
11172,2001:1248:5dbf:f01a:da8f:be0c:169:210a,2001:1248:5d80::/42,MX,lacnic,2008-01-08,"AS11172 - Alestra, S. de R.L. de C.V., MX"
11172,2001:1248:5dbf:f01b:fe23:db94:7eda:710a,2001:1248:5d80::/42,MX,lacnic,2008-01-08,"AS11172 - Alestra, S. de R.L. de C.V., MX"
11172,2001:1248:5dbf:f01e:103d:708c:284c:9001,2001:1248:5d80::/42,MX,lacnic,2008-01-08,"AS11172 - Alestra, S. de R.L. de C.V., MX"
11172,2001:1248:5dbf:f01f:a58d:e70f:4e77:410a,2001:1248:5d80::/42,MX,lacnic,2008-01-08,"AS11172 - Alestra, S. de R.L. de C.V., MX"
11172,2001:1248:5dbf:f020:efdf:6166:f67d:410a,2001:1248:5d80::/42,MX,lacnic,2008-01-08,"AS11172 - Alestra, S. de R.L. de C.V., MX"
11172,2001:1248:5dbf:f021:50d0:74e6:bd8f:610a,2001:1248:5d80::/42,MX,lacnic,2008-01-08,"AS11172 - Alestra, S. de R.L. de C.V., MX"
11172,2001:1248:5dbf:f022:5fed:2416:641b:a17f,2001:1248:5d80::/42,MX,lacnic,2008-01-08,"AS11172 - Alestra, S. de R.L. de C.V., MX"
11172,2001:1248:5dbf:f023:9487:198d:b080:4001,2001:1248:5d80::/42,MX,lacnic,2008-01-08,"AS11172 - Alestra, S. de R.L. de C.V., MX"
11172,2001:1248:5dbf:f023:9487:198d:b080:410a,2001:1248:5d80::/42,MX,lacnic,2008-01-08,"AS11172 - Alestra, S. de R.L. de C.V., MX"
11172,2001:1248:5dbf:f024:8ce7:f7fd:8655:610a,2001:1248:5d80::/42,MX,lacnic,2008-01-08,"AS11172 - Alestra, S. de R.L. de C.V., MX"
11172,2001:1248:5dbf:f028:10ba:373e:7197:8001,2001:1248:5d80::/42,MX,lacnic,2008-01-08,"AS11172 - Alestra, S. de R.L. de C.V., MX"
11172,2001:1248:5dbf:f029:9183:6179:a02b:910a,2001:1248:5d80::/42,MX,lacnic,2008-01-08,"AS11172 - Alestra, S. de R.L. de C.V., MX"
11172,2001:1248:5dbf:f02a:8de:29a9:2af5:f10a,2001:1248:5d80::/42,MX,lacnic,2008-01-08,"AS11172 - Alestra, S. de R.L. de C.V., MX"
11172,2001:1248:5dbf:f02d:5b20:2bc:1015:610a,2001:1248:5d80::/42,MX,lacnic,2008-01-08,"AS11172 - Alestra, S. de R.L. de C.V., MX"
11172,2001:1248:5dbf:f032:b007:3218:2805:710a,2001:1248:5d80::/42,MX,lacnic,2008-01-08,"AS11172 - Alestra, S. de R.L. de C.V., MX"
11172,2001:1248:5dbf:f035:96e8:8a46:3372:10a,2001:1248:5d80::/42,MX,lacnic,2008-01-08,"AS11172 - Alestra, S. de R.L. de C.V., MX"
11172,2001:1248:5dbf:f036:dfb9:d718:c3ac:b10a,2001:1248:5d80::/42,MX,lacnic,2008-01-08,"AS11172 - Alestra, S. de R.L. de C.V., MX"
11172,2001:1248:5dbf:f037:16:c1fe:6fdb:f10a,2001:1248:5d80::/42,MX,lacnic,2008-01-08,"AS11172 - Alestra, S. de R.L. de C.V., MX"
11172,2001:1248:5dbf:f03b:ca07:984e:96b:517f,2001:1248:5d80::/42,MX,lacnic,2008-01-08,"AS11172 - Alestra, S. de R.L. de C.V., MX"
11172,2001:1248:5dbf:f03d:e072:c60e:dedc:8001,2001:1248:5d80::/42,MX,lacnic,2008-01-08,"AS11172 - Alestra, S. de R.L. de C.V., MX"
11172,2001:1248:5dc4::1,2001:1248:5dc0::/42,MX,lacnic,2008-01-08,"AS11172 - Alestra, S. de R.L. de C.V., MX"
11172,2001:1248:5dff:f000:d63d:f90e:a737:310a,2001:1248:5dc0::/42,MX,lacnic,2008-01-08,"AS11172 - Alestra, S. de R.L. de C.V., MX"
11172,2001:1248:5dff:f002:64fd:77b8:a761:10a,2001:1248:5dc0::/42,MX,lacnic,2008-01-08,"AS11172 - Alestra, S. de R.L. de C.V., MX"
11172,2001:1248:5dff:f004:8cc8:7635:8ef8:b001,2001:1248:5dc0::/42,MX,lacnic,2008-01-08,"AS11172 - Alestra, S. de R.L. de C.V., MX"
11172,2001:1248:5dff:f004:8cc8:7635:8ef8:b17f,2001:1248:5dc0::/42,MX,lacnic,2008-01-08,"AS11172 - Alestra, S. de R.L. de C.V., MX"
11172,2001:1248:5dff:f009:e8e1:8e49:1427:c10a,2001:1248:5dc0::/42,MX,lacnic,2008-01-08,"AS11172 - Alestra, S. de R.L. de C.V., MX"
11172,2001:1248:5dff:f00b:ab46:6a36:879a:532a,2001:1248:5dc0::/42,MX,lacnic,2008-01-08,"AS11172 - Alestra, S. de R.L. de C.V., MX"
11172,2001:1248:5dff:f00c:8ad8:4fe8:ef6a:910a,2001:1248:5dc0::/42,MX,lacnic,2008-01-08,"AS11172 - Alestra, S. de R.L. de C.V., MX"
11172,2001:1248:5dff:f00f:5ea7:b7eb:4c8a:d9ba,2001:1248:5dc0::/42,MX,lacnic,2008-01-08,"AS11172 - Alestra, S. de R.L. de C.V., MX"
11172,2001:1248:5dff:f012:7d4a:de8a:9aa:5b6a,2001:1248:5dc0::/42,MX,lacnic,2008-01-08,"AS11172 - Alestra, S. de R.L. de C.V., MX"
11172,2001:1248:5dff:f013:84d1:5506:edf4:210a,2001:1248:5dc0::/42,MX,lacnic,2008-01-08,"AS11172 - Alestra, S. de R.L. de C.V., MX"
11172,2001:1248:5dff:f016:5287:9075:a9fc:833a,2001:1248:5dc0::/42,MX,lacnic,2008-01-08,"AS11172 - Alestra, S. de R.L. de C.V., MX"
11172,2001:1248:5dff:f017:c9b7:3ae:a305:706a,2001:1248:5dc0::/42,MX,lacnic,2008-01-08,"AS11172 - Alestra, S. de R.L. de C.V., MX"
11172,2001:1248:5dff:f019:881a:a3ee:ed88:510a,2001:1248:5dc0::/42,MX,lacnic,2008-01-08,"AS11172 - Alestra, S. de R.L. de C.V., MX"
11172,2001:1248:5dff:f01a:fb0a:cb79:6225:242a,2001:1248:5dc0::/42,MX,lacnic,2008-01-08,"AS11172 - Alestra, S. de R.L. de C.V., MX"
11172,2001:1248:5dff:f01c:d73a:b162:bfd7:e10a,2001:1248:5dc0::/42,MX,lacnic,2008-01-08,"AS11172 - Alestra, S. de R.L. de C.V., MX"
11172,2001:1248:5dff:f01d:1366:6a9e:849c:cdea,2001:1248:5dc0::/42,MX,lacnic,2008-01-08,"AS11172 - Alestra, S. de R.L. de C.V., MX"
11172,2001:1248:5dff:f01e:241f:61da:f2db:5eca,2001:1248:5dc0::/42,MX,lacnic,2008-01-08,"AS11172 - Alestra, S. de R.L. de C.V., MX"
11172,2001:1248:5dff:f020:6d24:c189:72cc:1d5a,2001:1248:5dc0::/42,MX,lacnic,2008-01-08,"AS11172 - Alestra, S. de R.L. de C.V., MX"
11172,2001:1248:5dff:f024:f8e1:e14a:550d:d10a,2001:1248:5dc0::/42,MX,lacnic,2008-01-08,"AS11172 - Alestra, S. de R.L. de C.V., MX"
11172,2001:1248:5dff:f026:3de6:1565:d0c6:3a0a,2001:1248:5dc0::/42,MX,lacnic,2008-01-08,"AS11172 - Alestra, S. de R.L. de C.V., MX"
11172,2001:1248:5dff:f027:166d:fb5:7aa2:b10a,2001:1248:5dc0::/42,MX,lacnic,2008-01-08,"AS11172 - Alestra, S. de R.L. de C.V., MX"
11172,2001:1248:5dff:f028:8fb8:f106:3647:471a,2001:1248:5dc0::/42,MX,lacnic,2008-01-08,"AS11172 - Alestra, S. de R.L. de C.V., MX"
11172,2001:1248:5dff:f029:796c:f73b:5b6d:410a,2001:1248:5dc0::/42,MX,lacnic,2008-01-08,"AS11172 - Alestra, S. de R.L. de C.V., MX"
11172,2001:1248:5dff:f02a:39ee:8f95:cf35:f10a,2001:1248:5dc0::/42,MX,lacnic,2008-01-08,"AS11172 - Alestra, S. de R.L. de C.V., MX"
11172,2001:1248:5dff:f02b:84f8:2f55:89a7:4aaa,2001:1248:5dc0::/42,MX,lacnic,2008-01-08,"AS11172 - Alestra, S. de R.L. de C.V., MX"
11172,2001:1248:5dff:f02c:7bdc:9481:87d3:e10a,2001:1248:5dc0::/42,MX,lacnic,2008-01-08,"AS11172 - Alestra, S. de R.L. de C.V., MX"
11172,2001:1248:5dff:f02e:cc23:6360:3275:410a,2001:1248:5dc0::/42,MX,lacnic,2008-01-08,"AS11172 - Alestra, S. de R.L. de C.V., MX"
11172,2001:1248:5dff:f032:4f1e:d9c0:d748:510a,2001:1248:5dc0::/42,MX,lacnic,2008-01-08,"AS11172 - Alestra, S. de R.L. de C.V., MX"
11172,2001:1248:5dff:f037:9a00:a842:f5d1:183a,2001:1248:5dc0::/42,MX,lacnic,2008-01-08,"AS11172 - Alestra, S. de R.L. de C.V., MX"
11172,2001:1248:5dff:f038:c892:55fc:eaa1:b10a,2001:1248:5dc0::/42,MX,lacnic,2008-01-08,"AS11172 - Alestra, S. de R.L. de C.V., MX"
11172,2001:1248:5dff:f039:a49d:4fbc:3190:a10a,2001:1248:5dc0::/42,MX,lacnic,2008-01-08,"AS11172 - Alestra, S. de R.L. de C.V., MX"
11172,2001:1248:5dff:f03b:990f:23a5:57e0:f10a,2001:1248:5dc0::/42,MX,lacnic,2008-01-08,"AS11172 - Alestra, S. de R.L. de C.V., MX"
11172,2001:1248:5dff:f03c:c104:2976:289a:a5da,2001:1248:5dc0::/42,MX,lacnic,2008-01-08,"AS11172 - Alestra, S. de R.L. de C.V., MX"
11172,2001:1248:5dff:f03e:dd79:6079:f453:27ca,2001:1248:5dc0::/42,MX,lacnic,2008-01-08,"AS11172 - Alestra, S. de R.L. de C.V., MX"
11172,2001:1248:5f03::1,2001:1248:5f00::/42,MX,lacnic,2008-01-08,"AS11172 - Alestra, S. de R.L. de C.V., MX"
11172,2001:1248:5f09::1,2001:1248:5f00::/42,MX,lacnic,2008-01-08,"AS11172 - Alestra, S. de R.L. de C.V., MX"
11172,2001:1248:5f11::1,2001:1248:5f00::/42,MX,lacnic,2008-01-08,"AS11172 - Alestra, S. de R.L. de C.V., MX"
11172,2001:1248:5f2d::1,2001:1248:5f00::/42,MX,lacnic,2008-01-08,"AS11172 - Alestra, S. de R.L. de C.V., MX"
11172,2001:1248:5f2f::1,2001:1248:5f00::/42,MX,lacnic,2008-01-08,"AS11172 - Alestra, S. de R.L. de C.V., MX"
11172,2001:1248:5f3f:f000:2ebb:28e0:10d3:a001,2001:1248:5f00::/42,MX,lacnic,2008-01-08,"AS11172 - Alestra, S. de R.L. de C.V., MX"
11172,2001:1248:5f3f:f003:eb3b:d588:f2ad:8001,2001:1248:5f00::/42,MX,lacnic,2008-01-08,"AS11172 - Alestra, S. de R.L. de C.V., MX"
11172,2001:1248:5f3f:f009:3629:a25d:666c:c001,2001:1248:5f00::/42,MX,lacnic,2008-01-08,"AS11172 - Alestra, S. de R.L. de C.V., MX"
11172,2001:1248:5f3f:f011:70cf:8abb:a8e8:2001,2001:1248:5f00::/42,MX,lacnic,2008-01-08,"AS11172 - Alestra, S. de R.L. de C.V., MX"
11172,2001:1248:5f3f:f012:e4d3:3d29:9d45:f001,2001:1248:5f00::/42,MX,lacnic,2008-01-08,"AS11172 - Alestra, S. de R.L. de C.V., MX"
11172,2001:1248:5f3f:f02d:cb6c:2387:61bd:8001,2001:1248:5f00::/42,MX,lacnic,2008-01-08,"AS11172 - Alestra, S. de R.L. de C.V., MX"
11172,2001:1248:5f3f:f02f:f066:9fc6:1c26:e001,2001:1248:5f00::/42,MX,lacnic,2008-01-08,"AS11172 - Alestra, S. de R.L. de C.V., MX"
11172,2001:1248:5f52::1,2001:1248:5f52::/48,MX,lacnic,2008-01-08,"AS11172 - Alestra, S. de R.L. de C.V., MX"
11172,2001:1248:5f5a::1,2001:1248:5f40::/42,MX,lacnic,2008-01-08,"AS11172 - Alestra, S. de R.L. de C.V., MX"
11172,2001:1248:5f7c::1,2001:1248:5f40::/42,MX,lacnic,2008-01-08,"AS11172 - Alestra, S. de R.L. de C.V., MX"
11172,2001:1248:5f7f:f012:bec1:7332:7eb4:c10a,2001:1248:5f40::/42,MX,lacnic,2008-01-08,"AS11172 - Alestra, S. de R.L. de C.V., MX"
11172,2001:1248:5f7f:f01f:f623:a288:bebf:f001,2001:1248:5f40::/42,MX,lacnic,2008-01-08,"AS11172 - Alestra, S. de R.L. de C.V., MX"
11172,2001:1248:5f7f:f027:64f:6a49:4c08:1,2001:1248:5f40::/42,MX,lacnic,2008-01-08,"AS11172 - Alestra, S. de R.L. de C.V., MX"
11172,2001:1248:5f7f:f03c:d448:75d4:5fef:6001,2001:1248:5f40::/42,MX,lacnic,2008-01-08,"AS11172 - Alestra, S. de R.L. de C.V., MX"
11172,2001:1248:5f89::1,2001:1248:5f80::/42,MX,lacnic,2008-01-08,"AS11172 - Alestra, S. de R.L. de C.V., MX"
11172,2001:1248:5f92::1,2001:1248:5f80::/42,MX,lacnic,2008-01-08,"AS11172 - Alestra, S. de R.L. de C.V., MX"
11172,2001:1248:5fa7::1,2001:1248:5f80::/42,MX,lacnic,2008-01-08,"AS11172 - Alestra, S. de R.L. de C.V., MX"
11172,2001:1248:5fad::1,2001:1248:5f80::/42,MX,lacnic,2008-01-08,"AS11172 - Alestra, S. de R.L. de C.V., MX"
11172,2001:1248:5fb7::1,2001:1248:5f80::/42,MX,lacnic,2008-01-08,"AS11172 - Alestra, S. de R.L. de C.V., MX"
11172,2001:1248:5fb8::1,2001:1248:5f80::/42,MX,lacnic,2008-01-08,"AS11172 - Alestra, S. de R.L. de C.V., MX"
11172,2001:1248:5fbf:f002:1cfa:29af:7993:6001,2001:1248:5f80::/42,MX,lacnic,2008-01-08,"AS11172 - Alestra, S. de R.L. de C.V., MX"
11172,2001:1248:5fbf:f012:23f1:24e3:5ec:b001,2001:1248:5f80::/42,MX,lacnic,2008-01-08,"AS11172 - Alestra, S. de R.L. de C.V., MX"
11172,2001:1248:5fbf:f025:38e0:f9ca:cc71:8001,2001:1248:5f80::/42,MX,lacnic,2008-01-08,"AS11172 - Alestra, S. de R.L. de C.V., MX"
11172,2001:1248:5fbf:f027:c61e:95df:ef2a:5001,2001:1248:5f80::/42,MX,lacnic,2008-01-08,"AS11172 - Alestra, S. de R.L. de C.V., MX"
11172,2001:1248:5fbf:f02d:2bb3:9a75:b9c4:a001,2001:1248:5f80::/42,MX,lacnic,2008-01-08,"AS11172 - Alestra, S. de R.L. de C.V., MX"
11172,2001:1248:5fbf:f037:24f0:3784:e6e8:6001,2001:1248:5f80::/42,MX,lacnic,2008-01-08,"AS11172 - Alestra, S. de R.L. de C.V., MX"
11172,2001:1248:5fc9::1,2001:1248:5fc0::/42,MX,lacnic,2008-01-08,"AS11172 - Alestra, S. de R.L. de C.V., MX"
11172,2001:1248:5fce::1,2001:1248:5fc0::/42,MX,lacnic,2008-01-08,"AS11172 - Alestra, S. de R.L. de C.V., MX"
11172,2001:1248:5fd6::1,2001:1248:5fc0::/42,MX,lacnic,2008-01-08,"AS11172 - Alestra, S. de R.L. de C.V., MX"
11172,2001:1248:5fdf::1,2001:1248:5fc0::/42,MX,lacnic,2008-01-08,"AS11172 - Alestra, S. de R.L. de C.V., MX"
11172,2001:1248:5fe0::1,2001:1248:5fc0::/42,MX,lacnic,2008-01-08,"AS11172 - Alestra, S. de R.L. de C.V., MX"
11172,2001:1248:5fe3::1,2001:1248:5fc0::/42,MX,lacnic,2008-01-08,"AS11172 - Alestra, S. de R.L. de C.V., MX"
11172,2001:1248:5fe6::1,2001:1248:5fc0::/42,MX,lacnic,2008-01-08,"AS11172 - Alestra, S. de R.L. de C.V., MX"
11172,2001:1248:5fef::1,2001:1248:5fc0::/42,MX,lacnic,2008-01-08,"AS11172 - Alestra, S. de R.L. de C.V., MX"
11172,2001:1248:5ff0::1,2001:1248:5fc0::/42,MX,lacnic,2008-01-08,"AS11172 - Alestra, S. de R.L. de C.V., MX"
11172,2001:1248:5ff2::1,2001:1248:5fc0::/42,MX,lacnic,2008-01-08,"AS11172 - Alestra, S. de R.L. de C.V., MX"
11172,2001:1248:5ff3::1,2001:1248:5fc0::/42,MX,lacnic,2008-01-08,"AS11172 - Alestra, S. de R.L. de C.V., MX"
11172,2001:1248:5fff:f004:8359:98e6:aa55:3001,2001:1248:5fc0::/42,MX,lacnic,2008-01-08,"AS11172 - Alestra, S. de R.L. de C.V., MX"
11172,2001:1248:5fff:f005:ee71:423d:a2ef:3001,2001:1248:5fc0::/42,MX,lacnic,2008-01-08,"AS11172 - Alestra, S. de R.L. de C.V., MX"
11172,2001:1248:5fff:f011:4e6c:ac3e:376b:a001,2001:1248:5fc0::/42,MX,lacnic,2008-01-08,"AS11172 - Alestra, S. de R.L. de C.V., MX"
11172,2001:1248:5fff:f017:4f2e:93d:49d6:5001,2001:1248:5fc0::/42,MX,lacnic,2008-01-08,"AS11172 - Alestra, S. de R.L. de C.V., MX"
11172,2001:1248:5fff:f01b:87b8:b4cd:9cf4:1,2001:1248:5fc0::/42,MX,lacnic,2008-01-08,"AS11172 - Alestra, S. de R.L. de C.V., MX"
11172,2001:1248:5fff:f01c:59bd:3ea5:f0b8:e001,2001:1248:5fc0::/42,MX,lacnic,2008-01-08,"AS11172 - Alestra, S. de R.L. de C.V., MX"
11172,2001:1248:5fff:f01f:313d:bf98:4558:9001,2001:1248:5fc0::/42,MX,lacnic,2008-01-08,"AS11172 - Alestra, S. de R.L. de C.V., MX"
11172,2001:1248:5fff:f020:b43:1057:11ce:6001,2001:1248:5fc0::/42,MX,lacnic,2008-01-08,"AS11172 - Alestra, S. de R.L. de C.V., MX"
11172,2001:1248:5fff:f023:44b:e3a7:58e7:3001,2001:1248:5fc0::/42,MX,lacnic,2008-01-08,"AS11172 - Alestra, S. de R.L. de C.V., MX"
11172,2001:1248:5fff:f024:846c:854e:8cf5:b001,2001:1248:5fc0::/42,MX,lacnic,2008-01-08,"AS11172 - Alestra, S. de R.L. de C.V., MX"
11172,2001:1248:5fff:f026:a6d8:573:2dd7:3001,2001:1248:5fc0::/42,MX,lacnic,2008-01-08,"AS11172 - Alestra, S. de R.L. de C.V., MX"
11172,2001:1248:5fff:f02a:91d:cd4d:17e8:8001,2001:1248:5fc0::/42,MX,lacnic,2008-01-08,"AS11172 - Alestra, S. de R.L. de C.V., MX"
11172,2001:1248:5fff:f02b:4c3:e219:913c:4001,2001:1248:5fc0::/42,MX,lacnic,2008-01-08,"AS11172 - Alestra, S. de R.L. de C.V., MX"
11172,2001:1248:5fff:f031:2ff9:b233:8a0a:a001,2001:1248:5fc0::/42,MX,lacnic,2008-01-08,"AS11172 - Alestra, S. de R.L. de C.V., MX"
11172,2001:1248:5fff:f032:5be6:9e2d:c0e1:e001,2001:1248:5fc0::/42,MX,lacnic,2008-01-08,"AS11172 - Alestra, S. de R.L. de C.V., MX"
11172,2001:1248:5fff:f038:f8ca:684a:997d:f001,2001:1248:5fc0::/42,MX,lacnic,2008-01-08,"AS11172 - Alestra, S. de R.L. de C.V., MX"
11172,2001:1248:5fff:f03b:1c8e:9d68:6559:6001,2001:1248:5fc0::/42,MX,lacnic,2008-01-08,"AS11172 - Alestra, S. de R.L. de C.V., MX"
11172,2001:1248:8018:1::1,2001:1248:8018::/48,MX,lacnic,2008-01-08,"AS11172 - Alestra, S. de R.L. de C.V., MX"
11172,2001:1248:8200:f01c:bfe2:3d9d:1ffc:210a,2001:1248:8200::/40,MX,lacnic,2008-01-08,"AS11172 - Alestra, S. de R.L. de C.V., MX"
11172,2001:1248:8200:f022:1fde:6f74:b2d4:b10b,2001:1248:8200::/40,MX,lacnic,2008-01-08,"AS11172 - Alestra, S. de R.L. de C.V., MX"
11172,2001:1248:8300:f000:dd14:3efc:6a48:310a,2001:1248:8300::/48,MX,lacnic,2008-01-08,"AS11172 - Alestra, S. de R.L. de C.V., MX"
11172,2001:1248:8300:f000:dd14:3efc:6a48:310b,2001:1248:8300::/48,MX,lacnic,2008-01-08,"AS11172 - Alestra, S. de R.L. de C.V., MX"
11172,2001:1248:8300:f004:da57:252a:6cc9:f10a,2001:1248:8300::/48,MX,lacnic,2008-01-08,"AS11172 - Alestra, S. de R.L. de C.V., MX"
11172,2001:1248:8300:f005:d05b:d8c:44d4:2001,2001:1248:8300::/48,MX,lacnic,2008-01-08,"AS11172 - Alestra, S. de R.L. de C.V., MX"
11172,2001:1248:8300:f005:d05b:d8c:44d4:210a,2001:1248:8300::/48,MX,lacnic,2008-01-08,"AS11172 - Alestra, S. de R.L. de C.V., MX"
11172,2001:1248:843f:f003:f4dd:1e4:4b62:f001,2001:1248:8400::/42,MX,lacnic,2008-01-08,"AS11172 - Alestra, S. de R.L. de C.V., MX"
11172,2001:1248:843f:f030:27b2:e3c8:6c5:771a,2001:1248:8400::/42,MX,lacnic,2008-01-08,"AS11172 - Alestra, S. de R.L. de C.V., MX"
11172,2001:1248:84cd::1,2001:1248:84c0::/42,MX,lacnic,2008-01-08,"AS11172 - Alestra, S. de R.L. de C.V., MX"
11172,2001:1248:873f:f006:6cc7:c4e3:d067:a10a,2001:1248:8700::/42,MX,lacnic,2008-01-08,"AS11172 - Alestra, S. de R.L. de C.V., MX"
11172,2001:1248:873f:f008:4c89:468c:8e62:f10a,2001:1248:8700::/42,MX,lacnic,2008-01-08,"AS11172 - Alestra, S. de R.L. de C.V., MX"
11172,2001:1248:873f:f009:d225:de4c:a64f:10a,2001:1248:8700::/42,MX,lacnic,2008-01-08,"AS11172 - Alestra, S. de R.L. de C.V., MX"
11172,2001:1248:873f:f012:2b4e:de62:f7c0:5001,2001:1248:8700::/42,MX,lacnic,2008-01-08,"AS11172 - Alestra, S. de R.L. de C.V., MX"
11172,2001:1248:873f:f012:2b4e:de62:f7c0:510a,2001:1248:8700::/42,MX,lacnic,2008-01-08,"AS11172 - Alestra, S. de R.L. de C.V., MX"
11172,2001:1248:873f:f016:52be:53ab:304e:10a,2001:1248:8700::/42,MX,lacnic,2008-01-08,"AS11172 - Alestra, S. de R.L. de C.V., MX"
11172,2001:1248:873f:f019:bdfb:9c09:d3b0:410a,2001:1248:8700::/42,MX,lacnic,2008-01-08,"AS11172 - Alestra, S. de R.L. de C.V., MX"
11172,2001:1248:873f:f01a:393a:123f:3853:310a,2001:1248:8700::/42,MX,lacnic,2008-01-08,"AS11172 - Alestra, S. de R.L. de C.V., MX"
11172,2001:1248:873f:f023:5d18:bca2:d6ad:e10a,2001:1248:8700::/42,MX,lacnic,2008-01-08,"AS11172 - Alestra, S. de R.L. de C.V., MX"
11172,2001:1248:873f:f024:6a47:34b0:8ef1:a10a,2001:1248:8700::/42,MX,lacnic,2008-01-08,"AS11172 - Alestra, S. de R.L. de C.V., MX"
11172,2001:1248:873f:f036:d88f:19a:3739:6001,2001:1248:8700::/42,MX,lacnic,2008-01-08,"AS11172 - Alestra, S. de R.L. de C.V., MX"
11172,2001:1248:873f:f036:d88f:19a:3739:617f,2001:1248:8700::/42,MX,lacnic,2008-01-08,"AS11172 - Alestra, S. de R.L. de C.V., MX"
11172,2001:1248:873f:f038:8762:f91b:333:317f,2001:1248:8700::/42,MX,lacnic,2008-01-08,"AS11172 - Alestra, S. de R.L. de C.V., MX"
11172,2001:1248:873f:f039:170d:eb94:34fe:117f,2001:1248:8700::/42,MX,lacnic,2008-01-08,"AS11172 - Alestra, S. de R.L. de C.V., MX"
11172,2001:1248:873f:f03c:4239:a5ce:4a78:e17f,2001:1248:8700::/42,MX,lacnic,2008-01-08,"AS11172 - Alestra, S. de R.L. de C.V., MX"
11172,2001:1248:877f:f003:ac9a:c1aa:d64c:217f,2001:1248:8740::/42,MX,lacnic,2008-01-08,"AS11172 - Alestra, S. de R.L. de C.V., MX"
11172,2001:1248:877f:f005:29a3:c74f:df21:417f,2001:1248:8740::/42,MX,lacnic,2008-01-08,"AS11172 - Alestra, S. de R.L. de C.V., MX"
11172,2001:1248:877f:f007:fe89:fa24:faa3:f17f,2001:1248:8740::/42,MX,lacnic,2008-01-08,"AS11172 - Alestra, S. de R.L. de C.V., MX"
11172,2001:1248:877f:f00a:40ea:1c15:424:617f,2001:1248:8740::/42,MX,lacnic,2008-01-08,"AS11172 - Alestra, S. de R.L. de C.V., MX"
11172,2001:1248:877f:f00c:1ef7:19a9:1abc:10a,2001:1248:8740::/42,MX,lacnic,2008-01-08,"AS11172 - Alestra, S. de R.L. de C.V., MX"
11172,2001:1248:877f:f00e:ca7f:34a6:7de7:10a,2001:1248:8740::/42,MX,lacnic,2008-01-08,"AS11172 - Alestra, S. de R.L. de C.V., MX"
11172,2001:1248:877f:f00f:8418:673b:3c9a:617f,2001:1248:8740::/42,MX,lacnic,2008-01-08,"AS11172 - Alestra, S. de R.L. de C.V., MX"
11172,2001:1248:877f:f012:924b:afb:cd6b:317f,2001:1248:8740::/42,MX,lacnic,2008-01-08,"AS11172 - Alestra, S. de R.L. de C.V., MX"
11172,2001:1248:877f:f013:b719:3e23:adb4:717f,2001:1248:8740::/42,MX,lacnic,2008-01-08,"AS11172 - Alestra, S. de R.L. de C.V., MX"
11172,2001:1248:877f:f01d:ce7c:67aa:5185:e10a,2001:1248:8740::/42,MX,lacnic,2008-01-08,"AS11172 - Alestra, S. de R.L. de C.V., MX"
11172,2001:1248:877f:f01e:dd3f:b742:be9d:f10a,2001:1248:8740::/42,MX,lacnic,2008-01-08,"AS11172 - Alestra, S. de R.L. de C.V., MX"
11172,2001:1248:877f:f01f:2b1d:55b:69f8:d10a,2001:1248:8740::/42,MX,lacnic,2008-01-08,"AS11172 - Alestra, S. de R.L. de C.V., MX"
11172,2001:1248:877f:f024:c503:cc59:82ec:d10a,2001:1248:8740::/42,MX,lacnic,2008-01-08,"AS11172 - Alestra, S. de R.L. de C.V., MX"
11172,2001:1248:877f:f025:c717:2010:d0cf:510a,2001:1248:8740::/42,MX,lacnic,2008-01-08,"AS11172 - Alestra, S. de R.L. de C.V., MX"
11172,2001:1248:877f:f026:6b6a:4aac:5fe0:710a,2001:1248:8740::/42,MX,lacnic,2008-01-08,"AS11172 - Alestra, S. de R.L. de C.V., MX"
11172,2001:1248:877f:f02a:500e:fa8a:beba:610a,2001:1248:8740::/42,MX,lacnic,2008-01-08,"AS11172 - Alestra, S. de R.L. de C.V., MX"
11172,2001:1248:877f:f02d:2229:5c6c:e1ef:910a,2001:1248:8740::/42,MX,lacnic,2008-01-08,"AS11172 - Alestra, S. de R.L. de C.V., MX"
11172,2001:1248:877f:f02e:871c:814b:e0a1:d001,2001:1248:8740::/42,MX,lacnic,2008-01-08,"AS11172 - Alestra, S. de R.L. de C.V., MX"
11172,2001:1248:877f:f02e:871c:814b:e0a1:d10a,2001:1248:8740::/42,MX,lacnic,2008-01-08,"AS11172 - Alestra, S. de R.L. de C.V., MX"
11172,2001:1248:877f:f030:dd2a:5060:766c:525a,2001:1248:8740::/42,MX,lacnic,2008-01-08,"AS11172 - Alestra, S. de R.L. de C.V., MX"
11172,2001:1248:877f:f031:fb09:1d33:3749:b58a,2001:1248:8740::/42,MX,lacnic,2008-01-08,"AS11172 - Alestra, S. de R.L. de C.V., MX"
11172,2001:1248:877f:f032:dda5:cd37:5e11:210a,2001:1248:8740::/42,MX,lacnic,2008-01-08,"AS11172 - Alestra, S. de R.L. de C.V., MX"
11172,2001:1248:877f:f033:6ece:ade2:e366:110a,2001:1248:8740::/42,MX,lacnic,2008-01-08,"AS11172 - Alestra, S. de R.L. de C.V., MX"
11172,2001:1248:877f:f036:3f0c:6828:1c36:310a,2001:1248:8740::/42,MX,lacnic,2008-01-08,"AS11172 - Alestra, S. de R.L. de C.V., MX"
11172,2001:1248:877f:f03a:3526:244d:6f3c:2001,2001:1248:8740::/42,MX,lacnic,2008-01-08,"AS11172 - Alestra, S. de R.L. de C.V., MX"
11172,2001:1248:877f:f03a:3526:244d:6f3c:210a,2001:1248:8740::/42,MX,lacnic,2008-01-08,"AS11172 - Alestra, S. de R.L. de C.V., MX"
11172,2001:1248:87bf:f002:911f:4151:9c30:10a,2001:1248:87b0::/44,MX,lacnic,2008-01-08,"AS11172 - Alestra, S. de R.L. de C.V., MX"
11172,2001:1248:87bf:f004:acf:3bfc:d15:a92a,2001:1248:87b0::/44,MX,lacnic,2008-01-08,"AS11172 - Alestra, S. de R.L. de C.V., MX"
11172,2001:1248:87bf:f009:b944:f3cd:bd77:c6da,2001:1248:87b0::/44,MX,lacnic,2008-01-08,"AS11172 - Alestra, S. de R.L. de C.V., MX"
11172,2001:1248:87bf:f00a:ba67:bbb5:d60d:6001,2001:1248:87b0::/44,MX,lacnic,2008-01-08,"AS11172 - Alestra, S. de R.L. de C.V., MX"
11172,2001:1248:87bf:f00a:ba67:bbb5:d60d:610a,2001:1248:87b0::/44,MX,lacnic,2008-01-08,"AS11172 - Alestra, S. de R.L. de C.V., MX"
11172,2001:1248:87bf:f00b:f773:124a:7192:b20a,2001:1248:87b0::/44,MX,lacnic,2008-01-08,"AS11172 - Alestra, S. de R.L. de C.V., MX"
11172,2001:1248:87c7::1,2001:1248:87c0::/42,MX,lacnic,2008-01-08,"AS11172 - Alestra, S. de R.L. de C.V., MX"
11172,2001:1248:87f7::1,2001:1248:87c0::/42,MX,lacnic,2008-01-08,"AS11172 - Alestra, S. de R.L. de C.V., MX"
11172,2001:1248:87ff:f000:a61c:697a:3bee:674a,2001:1248:87c0::/42,MX,lacnic,2008-01-08,"AS11172 - Alestra, S. de R.L. de C.V., MX"
11172,2001:1248:87ff:f003:9de2:16e8:cdec:763a,2001:1248:87c0::/42,MX,lacnic,2008-01-08,"AS11172 - Alestra, S. de R.L. de C.V., MX"
11172,2001:1248:87ff:f006:4284:b02:b119:910a,2001:1248:87c0::/42,MX,lacnic,2008-01-08,"AS11172 - Alestra, S. de R.L. de C.V., MX"
11172,2001:1248:87ff:f007:5aa9:705a:2ef4:b001,2001:1248:87c0::/42,MX,lacnic,2008-01-08,"AS11172 - Alestra, S. de R.L. de C.V., MX"
11172,2001:1248:87ff:f007:5aa9:705a:2ef4:b10a,2001:1248:87c0::/42,MX,lacnic,2008-01-08,"AS11172 - Alestra, S. de R.L. de C.V., MX"
11172,2001:1248:87ff:f00b:e7a6:aabb:f9f0:710a,2001:1248:87c0::/42,MX,lacnic,2008-01-08,"AS11172 - Alestra, S. de R.L. de C.V., MX"
11172,2001:1248:87ff:f00d:b798:4390:8a13:85a,2001:1248:87c0::/42,MX,lacnic,2008-01-08,"AS11172 - Alestra, S. de R.L. de C.V., MX"
11172,2001:1248:87ff:f014:f343:98cc:47db:e0fa,2001:1248:87c0::/42,MX,lacnic,2008-01-08,"AS11172 - Alestra, S. de R.L. de C.V., MX"
11172,2001:1248:87ff:f017:8e1d:315d:9a96:510a,2001:1248:87c0::/42,MX,lacnic,2008-01-08,"AS11172 - Alestra, S. de R.L. de C.V., MX"
11172,2001:1248:87ff:f018:14ac:abfc:f88:2cca,2001:1248:87c0::/42,MX,lacnic,2008-01-08,"AS11172 - Alestra, S. de R.L. de C.V., MX"
11172,2001:1248:87ff:f01b:66dc:9553:6c7b:b9ca,2001:1248:87c0::/42,MX,lacnic,2008-01-08,"AS11172 - Alestra, S. de R.L. de C.V., MX"
11172,2001:1248:87ff:f020:ffd7:ea22:1acd:450a,2001:1248:87c0::/42,MX,lacnic,2008-01-08,"AS11172 - Alestra, S. de R.L. de C.V., MX"
11172,2001:1248:87ff:f023:1d21:5748:f550:f10a,2001:1248:87c0::/42,MX,lacnic,2008-01-08,"AS11172 - Alestra, S. de R.L. de C.V., MX"
11172,2001:1248:87ff:f024:375a:9535:6cd5:810a,2001:1248:87c0::/42,MX,lacnic,2008-01-08,"AS11172 - Alestra, S. de R.L. de C.V., MX"
11172,2001:1248:87ff:f026:663b:b4d0:ff2c:9eaa,2001:1248:87c0::/42,MX,lacnic,2008-01-08,"AS11172 - Alestra, S. de R.L. de C.V., MX"
11172,2001:1248:87ff:f028:ec9b:dac6:982f:ffaa,2001:1248:87c0::/42,MX,lacnic,2008-01-08,"AS11172 - Alestra, S. de R.L. de C.V., MX"
11172,2001:1248:87ff:f029:9933:bb67:b169:9e2a,2001:1248:87c0::/42,MX,lacnic,2008-01-08,"AS11172 - Alestra, S. de R.L. de C.V., MX"
11172,2001:1248:87ff:f02a:ef1e:5245:5f8f:e10a,2001:1248:87c0::/42,MX,lacnic,2008-01-08,"AS11172 - Alestra, S. de R.L. de C.V., MX"
11172,2001:1248:87ff:f02b:75fb:5d3c:fdfb:c83a,2001:1248:87c0::/42,MX,lacnic,2008-01-08,"AS11172 - Alestra, S. de R.L. de C.V., MX"
11172,2001:1248:87ff:f02c:97e8:1607:566a:ae5a,2001:1248:87c0::/42,MX,lacnic,2008-01-08,"AS11172 - Alestra, S. de R.L. de C.V., MX"
11172,2001:1248:87ff:f034:4d79:9d17:7d4:110a,2001:1248:87c0::/42,MX,lacnic,2008-01-08,"AS11172 - Alestra, S. de R.L. de C.V., MX"
11172,2001:1248:87ff:f036:aece:6de5:b120:a10a,2001:1248:87c0::/42,MX,lacnic,2008-01-08,"AS11172 - Alestra, S. de R.L. de C.V., MX"
11172,2001:1248:87ff:f037:a4c5:478f:8678:a10a,2001:1248:87c0::/42,MX,lacnic,2008-01-08,"AS11172 - Alestra, S. de R.L. de C.V., MX"
11172,2001:1248:87ff:f038:c02:9dd4:cae6:443a,2001:1248:87c0::/42,MX,lacnic,2008-01-08,"AS11172 - Alestra, S. de R.L. de C.V., MX"
11172,2001:1248:87ff:f039:dc65:b6c9:7cf3:110a,2001:1248:87c0::/42,MX,lacnic,2008-01-08,"AS11172 - Alestra, S. de R.L. de C.V., MX"
11172,2001:1248:87ff:f03b:c6d:76b8:46a4:b10a,2001:1248:87c0::/42,MX,lacnic,2008-01-08,"AS11172 - Alestra, S. de R.L. de C.V., MX"
11172,2001:1248:87ff:f03c:f36f:bd60:a5db:95ba,2001:1248:87c0::/42,MX,lacnic,2008-01-08,"AS11172 - Alestra, S. de R.L. de C.V., MX"
11172,2001:1248:883f:f001:e750:512:583a:c00a,2001:1248:8800::/42,MX,lacnic,2008-01-08,"AS11172 - Alestra, S. de R.L. de C.V., MX"
11172,2001:1248:883f:f004:a2e:217f:8232:500a,2001:1248:8800::/42,MX,lacnic,2008-01-08,"AS11172 - Alestra, S. de R.L. de C.V., MX"
11172,2001:1248:883f:f02f:9e8a:1e50:732b:a10a,2001:1248:8800::/42,MX,lacnic,2008-01-08,"AS11172 - Alestra, S. de R.L. de C.V., MX"
11172,2001:1248:883f:f031:4d79:6d8:1275:d10a,2001:1248:8800::/42,MX,lacnic,2008-01-08,"AS11172 - Alestra, S. de R.L. de C.V., MX"
11172,2001:1248:883f:f039:5084:a3a3:3663:317f,2001:1248:8800::/42,MX,lacnic,2008-01-08,"AS11172 - Alestra, S. de R.L. de C.V., MX"
11172,2001:1248:8856::1,2001:1248:8840::/42,MX,lacnic,2008-01-08,"AS11172 - Alestra, S. de R.L. de C.V., MX"
11172,2001:1248:887d::1,2001:1248:8840::/42,MX,lacnic,2008-01-08,"AS11172 - Alestra, S. de R.L. de C.V., MX"
11172,2001:1248:887f:f001:4bfb:afe6:26ce:c17f,2001:1248:8840::/42,MX,lacnic,2008-01-08,"AS11172 - Alestra, S. de R.L. de C.V., MX"
11172,2001:1248:887f:f006:21ba:dc5:ecfc:917f,2001:1248:8840::/42,MX,lacnic,2008-01-08,"AS11172 - Alestra, S. de R.L. de C.V., MX"
11172,2001:1248:887f:f00a:3025:a4f8:ae66:817f,2001:1248:8840::/42,MX,lacnic,2008-01-08,"AS11172 - Alestra, S. de R.L. de C.V., MX"
11172,2001:1248:887f:f00b:62fd:c475:a998:717f,2001:1248:8840::/42,MX,lacnic,2008-01-08,"AS11172 - Alestra, S. de R.L. de C.V., MX"
11172,2001:1248:887f:f00f:5c83:96bd:8784:a17f,2001:1248:8840::/42,MX,lacnic,2008-01-08,"AS11172 - Alestra, S. de R.L. de C.V., MX"
11172,2001:1248:887f:f011:28fb:dcee:b854:d10a,2001:1248:8840::/42,MX,lacnic,2008-01-08,"AS11172 - Alestra, S. de R.L. de C.V., MX"
11172,2001:1248:887f:f013:4cec:62d3:5950:610a,2001:1248:8840::/42,MX,lacnic,2008-01-08,"AS11172 - Alestra, S. de R.L. de C.V., MX"
11172,2001:1248:887f:f016:af17:ca39:e924:7001,2001:1248:8840::/42,MX,lacnic,2008-01-08,"AS11172 - Alestra, S. de R.L. de C.V., MX"
11172,2001:1248:887f:f016:af17:ca39:e924:717f,2001:1248:8840::/42,MX,lacnic,2008-01-08,"AS11172 - Alestra, S. de R.L. de C.V., MX"
11172,2001:1248:887f:f017:d568:9aad:a2d5:d001,2001:1248:8840::/42,MX,lacnic,2008-01-08,"AS11172 - Alestra, S. de R.L. de C.V., MX"
11172,2001:1248:887f:f017:d568:9aad:a2d5:d17f,2001:1248:8840::/42,MX,lacnic,2008-01-08,"AS11172 - Alestra, S. de R.L. de C.V., MX"
11172,2001:1248:887f:f018:4df3:7b3e:c78:417f,2001:1248:8840::/42,MX,lacnic,2008-01-08,"AS11172 - Alestra, S. de R.L. de C.V., MX"
11172,2001:1248:887f:f01b:aea4:9437:e604:817f,2001:1248:8840::/42,MX,lacnic,2008-01-08,"AS11172 - Alestra, S. de R.L. de C.V., MX"
11172,2001:1248:887f:f023:60d6:fac0:55a7:117f,2001:1248:8840::/42,MX,lacnic,2008-01-08,"AS11172 - Alestra, S. de R.L. de C.V., MX"
11172,2001:1248:887f:f027:c438:9677:7621:617f,2001:1248:8840::/42,MX,lacnic,2008-01-08,"AS11172 - Alestra, S. de R.L. de C.V., MX"
11172,2001:1248:887f:f028:4589:f0ef:d319:ee5a,2001:1248:8840::/42,MX,lacnic,2008-01-08,"AS11172 - Alestra, S. de R.L. de C.V., MX"
11172,2001:1248:887f:f028:4589:f0ef:d319:ee5b,2001:1248:8840::/42,MX,lacnic,2008-01-08,"AS11172 - Alestra, S. de R.L. de C.V., MX"
11172,2001:1248:887f:f030:e8c6:175f:dd72:717f,2001:1248:8840::/42,MX,lacnic,2008-01-08,"AS11172 - Alestra, S. de R.L. de C.V., MX"
11172,2001:1248:887f:f034:f8d1:fb6:1725:8001,2001:1248:8840::/42,MX,lacnic,2008-01-08,"AS11172 - Alestra, S. de R.L. de C.V., MX"
11172,2001:1248:887f:f037:74b5:d76e:483a:910a,2001:1248:8840::/42,MX,lacnic,2008-01-08,"AS11172 - Alestra, S. de R.L. de C.V., MX"
11172,2001:1248:887f:f03c:2ce2:2c4c:aea6:117f,2001:1248:8840::/42,MX,lacnic,2008-01-08,"AS11172 - Alestra, S. de R.L. de C.V., MX"
11172,2001:1248:887f:f03d:ec20:50c1:fcd6:d001,2001:1248:8840::/42,MX,lacnic,2008-01-08,"AS11172 - Alestra, S. de R.L. de C.V., MX"
11172,2001:1248:887f:f03d:ec20:50c1:fcd6:d10a,2001:1248:8840::/42,MX,lacnic,2008-01-08,"AS11172 - Alestra, S. de R.L. de C.V., MX"
11172,2001:1248:88bf:f000:7f6c:d1dd:a325:c10a,2001:1248:88b0::/44,MX,lacnic,2008-01-08,"AS11172 - Alestra, S. de R.L. de C.V., MX"
11172,2001:1248:88bf:f006:3318:c9f7:b3a5:510a,2001:1248:88b0::/44,MX,lacnic,2008-01-08,"AS11172 - Alestra, S. de R.L. de C.V., MX"
11172,2001:1248:88bf:f00a:1b26:d229:1582:510a,2001:1248:88b0::/44,MX,lacnic,2008-01-08,"AS11172 - Alestra, S. de R.L. de C.V., MX"
11172,2001:1248:88bf:f010:3a94:da82:6a93:217f,2001:1248:88b0::/44,MX,lacnic,2008-01-08,"AS11172 - Alestra, S. de R.L. de C.V., MX"
11172,2001:1248:88c3::1,2001:1248:88c0::/42,MX,lacnic,2008-01-08,"AS11172 - Alestra, S. de R.L. de C.V., MX"
11172,2001:1248:88cb::1,2001:1248:88c0::/42,MX,lacnic,2008-01-08,"AS11172 - Alestra, S. de R.L. de C.V., MX"
11172,2001:1248:88cd::1,2001:1248:88c0::/42,MX,lacnic,2008-01-08,"AS11172 - Alestra, S. de R.L. de C.V., MX"
11172,2001:1248:88ce::1,2001:1248:88c0::/42,MX,lacnic,2008-01-08,"AS11172 - Alestra, S. de R.L. de C.V., MX"
11172,2001:1248:88cf::1,2001:1248:88c0::/42,MX,lacnic,2008-01-08,"AS11172 - Alestra, S. de R.L. de C.V., MX"
11172,2001:1248:88d3::1,2001:1248:88c0::/42,MX,lacnic,2008-01-08,"AS11172 - Alestra, S. de R.L. de C.V., MX"
11172,2001:1248:88e2::1,2001:1248:88c0::/42,MX,lacnic,2008-01-08,"AS11172 - Alestra, S. de R.L. de C.V., MX"
11172,2001:1248:88e4::1,2001:1248:88c0::/42,MX,lacnic,2008-01-08,"AS11172 - Alestra, S. de R.L. de C.V., MX"
11172,2001:1248:88ed::1,2001:1248:88c0::/42,MX,lacnic,2008-01-08,"AS11172 - Alestra, S. de R.L. de C.V., MX"
11172,2001:1248:88f3::1,2001:1248:88c0::/42,MX,lacnic,2008-01-08,"AS11172 - Alestra, S. de R.L. de C.V., MX"
11172,2001:1248:88f4::1,2001:1248:88c0::/42,MX,lacnic,2008-01-08,"AS11172 - Alestra, S. de R.L. de C.V., MX"
11172,2001:1248:88f8::1,2001:1248:88c0::/42,MX,lacnic,2008-01-08,"AS11172 - Alestra, S. de R.L. de C.V., MX"
11172,2001:1248:88fe::1,2001:1248:88c0::/42,MX,lacnic,2008-01-08,"AS11172 - Alestra, S. de R.L. de C.V., MX"
11172,2001:1248:88ff:f003:9cf0:e5b:3685:2001,2001:1248:88c0::/42,MX,lacnic,2008-01-08,"AS11172 - Alestra, S. de R.L. de C.V., MX"
11172,2001:1248:88ff:f003:9cf0:e5b:3685:210a,2001:1248:88c0::/42,MX,lacnic,2008-01-08,"AS11172 - Alestra, S. de R.L. de C.V., MX"
11172,2001:1248:88ff:f004:c442:1b64:f4d:b17f,2001:1248:88c0::/42,MX,lacnic,2008-01-08,"AS11172 - Alestra, S. de R.L. de C.V., MX"
11172,2001:1248:88ff:f006:eebc:afe2:e955:e17f,2001:1248:88c0::/42,MX,lacnic,2008-01-08,"AS11172 - Alestra, S. de R.L. de C.V., MX"
11172,2001:1248:88ff:f00b:348b:9e5e:3e2:b001,2001:1248:88c0::/42,MX,lacnic,2008-01-08,"AS11172 - Alestra, S. de R.L. de C.V., MX"
11172,2001:1248:88ff:f00b:348b:9e5e:3e2:b10a,2001:1248:88c0::/42,MX,lacnic,2008-01-08,"AS11172 - Alestra, S. de R.L. de C.V., MX"
11172,2001:1248:88ff:f00c:f209:4a8d:ff20:617f,2001:1248:88c0::/42,MX,lacnic,2008-01-08,"AS11172 - Alestra, S. de R.L. de C.V., MX"
11172,2001:1248:88ff:f00d:eebe:3855:90d7:310a,2001:1248:88c0::/42,MX,lacnic,2008-01-08,"AS11172 - Alestra, S. de R.L. de C.V., MX"
11172,2001:1248:88ff:f00e:5b89:cc71:75d2:f10a,2001:1248:88c0::/42,MX,lacnic,2008-01-08,"AS11172 - Alestra, S. de R.L. de C.V., MX"
11172,2001:1248:88ff:f00f:3e3c:b3ff:f0bb:2001,2001:1248:88c0::/42,MX,lacnic,2008-01-08,"AS11172 - Alestra, S. de R.L. de C.V., MX"
11172,2001:1248:88ff:f00f:3e3c:b3ff:f0bb:210a,2001:1248:88c0::/42,MX,lacnic,2008-01-08,"AS11172 - Alestra, S. de R.L. de C.V., MX"
11172,2001:1248:88ff:f011:b07d:51d0:51f7:2001,2001:1248:88c0::/42,MX,lacnic,2008-01-08,"AS11172 - Alestra, S. de R.L. de C.V., MX"
11172,2001:1248:88ff:f012:d831:eddf:6bf7:710a,2001:1248:88c0::/42,MX,lacnic,2008-01-08,"AS11172 - Alestra, S. de R.L. de C.V., MX"
11172,2001:1248:88ff:f013:a3df:deb5:e887:8001,2001:1248:88c0::/42,MX,lacnic,2008-01-08,"AS11172 - Alestra, S. de R.L. de C.V., MX"
11172,2001:1248:88ff:f013:a3df:deb5:e887:817f,2001:1248:88c0::/42,MX,lacnic,2008-01-08,"AS11172 - Alestra, S. de R.L. de C.V., MX"
